地标经度,地标纬度,对应的LR的半径,LRBG,SLG
118.733035,32.123323,4.62,1.9616,7.9461
118.856525,32.021626,3.04,0.2644,4.9127
118.961547,32.06156,10.32,14.9632,6.4055
118.863875,31.776925,8.65,1.8591,27.9618
118.916051,31.901656,6.07,6.9251,17.7689
118.765136,32.11097,2.38,1.0489,5.6173
118.8281165,32.01735141,1.44,2.3429,3.8265
118.853809,31.784499,8.4,1.4274,26.9995
118.760665,32.006267,4.81,3.1707,5.1263
118.879327,31.964622,10.24,3.0309,10.7787
118.7554589,31.99825753,8.49,14.6071,6.0453
118.6219969,32.0614767,10.04,0.4419,15.2716
118.748608,32.237199,2.57,0.7549,18.345
118.820034,32.079267,2.9,0.906,2.4458
118.73809,32.00093938,2.07,1.4392,6.5733
118.80538,32.087563,3.38,1.0248,3.5991
118.795929,32.111474,4.8,3.1394,5.9807
118.703227,32.11044633,4.05,3.8679,9.0012
118.8057283,32.12291852,4.37,1.5405,6.965
118.7739955,32.115209,2.38,1.1804,5.9612
118.7769967,32.03933,11.94,0.6302,1.6446
118.7892264,31.98865813,1.9,1.5482,6.0538
118.812513,32.139143,2.05,2.3268,8.4692
118.758211,32.083828,1.93,0.8005,3.2641
118.822367,32.08226457,2.9,0.8651,2.7532
118.7788221,32.0896815,1.88,1.5794,3.4342
118.878264,32.094257,4.24,2.4491,2.6626
118.8799,31.808618,8.54,4.5728,25.3303
118.8018,32.049444,1.05,1.2661,0.4186
118.764731,32.026012,1.44,1.5045,3.119
118.723598,32.130569,8.49,1.2215,9.0673
118.8240765,31.96771371,10.25,2.5581,8.5078
118.802961,32.04263319,1.28,1.1052,0.7955
118.785093,31.972142,1.93,3.1054,7.749
118.82672,31.958091,10.24,2.2791,9.5048
118.662688,31.906989,4.71,2.676,18.6036
118.79641,31.991972,8.49,16.4541,5.6643
118.867381,31.954661,5.05,1.1987,11.0664
118.788539,32.005413,1.9,1.1739,4.4148
118.8140583,32.05256,1.29,0.4744,0.6635
118.784851,32.049777,1.71,0.4649,1.1789
118.7516626,32.01353072,1.62,0.8574,4.7916
118.809477,31.9848,1.89,1.8889,6.4878
118.747384,32.103821,2.38,2.5118,5.5371
118.812837,32.047433,1.05,0.1741,1.0494
118.862843,32.03844022,4.28,1.9016,4.5584
118.8016528,32.04769901,1.18,1.2753,0.4054
118.912012,31.903524,5.44,6.5019,17.5501
118.884725,32.05091,2,0.9394,3.1528
118.772023,32.056182,1.06,0.7814,0.2642
118.817265,32.029907,1.68,1.0692,2.5087
118.7923283,31.77846,8.87,5.4578,27.0193
118.793448,31.966975,4.86,4.9476,8.1736
118.779816,31.946315,4.2,4.275,10.3837
118.7894,32.089373,3.38,2.6326,3.6874
118.8135778,32.05247675,1.29,0.431,0.7116
118.729964,32.033324,6.34,1.0879,4.9886
118.800966,32.119378,4.75,2.1832,6.7401
118.746583,32.086275,1.98,1.9338,4.1544
118.808382,32.12888,4.33,0.9238,7.5023
118.804,32.032158,1.68,0.6675,1.7608
118.7785985,32.05228223,1.73,0.8784,0.5196
118.753521,32.041317,7.34,2.4293,2.5462
118.7714815,32.0899971,1.88,1.093,3.4538
118.7669476,32.10080715,1.86,2.6531,4.585
118.8176766,32.13963811,4.8,0.6061,8.4869
118.732243,32.226217,2.99,2.1339,17.5796
118.784977,32.019232,1.06,4.6864,3.2006
118.7595818,32.0725726,1.54,0.3106,2.2663
118.7827395,32.03920107,9.58,11.6366,1.7668
118.774724,31.982897,3.48,1.5665,6.9604
118.806368,31.878955,4.78,5.0678,16.9866
118.819201,32.032956,1.44,1.3365,2.1882
118.755667,32.020954,1.57,0.8774,3.9482
118.654655,31.922598,8.98,8.667,17.9099
118.794907,32.010784,1.98,1.1526,3.7919
118.821875,32.088483,2.01,1.0392,3.371
118.781385,31.970823,1.91,3.4323,7.947
118.866967,32.023174,3.32,3.9417,5.6379
118.776332,32.054186,2.93,0.5706,0.2236
118.939206,32.067869,9.83,13.8794,4.0841
118.936813,32.13084,0.37,0.1693,6.4023
118.801199,31.984072,1.92,1.5932,6.4623
118.7389383,32.061655,1.55,2.1044,3.6172
118.649032,31.744097,8.55,11.6361,33.5859
118.897305,32.03712,1.56,14.3012,4.1555
118.740674,31.962562,5.87,6.1268,9.9031
118.8182972,31.96307507,5.05,4.4362,8.797
118.814247,32.120342,4.37,1.3193,6.5811
118.798378,31.99982,1.94,1.824,4.8785
118.731174,32.082707,2.12,1.2643,5.1192
118.718029,31.979693,2.65,6.024,9.4669
118.900563,32.041925,5.72,4.7858,3.6683
118.812183,31.793756,8.92,3.7792,25.5255
118.9309877,32.03468442,8.92,1.7511,5.3863
118.933098,32.054622,10.32,12.4466,4.1033
118.767588,32.061147,3.57,0.6654,0.8941
118.874845,31.670387,8.57,11.3162,38.6001
118.839671,31.956723,10.32,1.1315,9.9981
118.767839,31.786685,8.54,7.8985,26.3612
118.779026,31.876921,11.83,1.3438,17.2692
118.772309,32.108654,2.38,0.5058,5.3103
118.730728,32.152404,8.34,1.0733,10.6282
118.932067,32.132354,0.37,0.332,6.2695
118.771758,32.046287,1.33,0.6139,0.9737
118.792799,31.986836,1.98,1.4122,6.1958
118.770782,32.027549,5.87,1.6839,2.831
118.612599,31.882286,8.49,3.2326,23.7238
118.74012,32.134424,1.88,5.9679,8.6035
118.7609833,32.09548333,2.38,1.4089,4.2144
118.621452,32.062677,8.62,0.6382,15.3311
118.917119,32.064838,4.64,11.1312,2.2121
118.723692,32.005439,2.32,0.4358,7.1469
118.628495,31.790624,8.17,6.6685,30.2587
118.815348,31.931532,4.78,0.2938,11.8391
118.7706911,31.78194808,8.36,7.1197,26.8016
118.794118,31.986189,1.89,1.4555,6.2514
118.762333,31.992903,4.62,15.3261,6.3886
118.770465,32.028637,1.37,1.0161,2.7278
118.90427,32.071557,11.94,12.4988,0.8342
118.807258,32.022306,1.68,0.3994,2.7977
118.7680975,32.00290848,4.36,2.1538,5.3091
118.844524,32.024474,4.62,16.5853,3.8821
118.7708498,32.09349673,2.18,1.1564,3.8082
118.803068,32.012799,1.9,1.2893,3.6201
118.776756,32.044143,1.75,0.2406,1.1658
118.5625434,31.95631427,8.57,11.6122,23.4149
118.693099,32.17983,3.69,1.6309,14.8578
118.8116201,32.04337485,1.18,0.5482,1.4356
118.745214,32.244394,2.89,0.8808,19.1067
118.777612,32.127388,3.24,2.9997,7.1851
118.799123,32.002668,1.85,0.197,4.5954
118.796029,32.022138,1.68,1.1921,2.6515
118.820083,32.049852,1.29,0.9883,0.4963
118.713982,32.159378,4.62,2.1983,12.0185
118.806944,32.016062,1.85,1.7204,3.3826
118.6825175,32.10759776,5.01,2.5663,10.5749
118.736528,32.22833137,4.27,1.3853,17.6877
118.7670199,32.06913425,1.06,0.6457,1.5512
118.847604,31.931851,4.51,0.3575,12.5954
118.8066,32.0268,1.44,0.0806,2.3547
118.810078,31.985962,1.92,1.8226,6.3849
118.800929,32.010655,1.85,1.0104,3.8082
118.743138,32.071454,8.34,7.2475,3.5231
118.7413511,32.13633068,3.64,1.3062,8.7309
118.74077,32.229266,4.27,1.0688,17.693
118.8744244,32.00046807,10.24,4.5722,7.6697
118.743023,32.04416,3.43,0.9492,3.3585
118.732675,32.06988165,1.23,1.0268,4.4291
118.731942,32.028046,9.58,11.4109,5.0783
118.7783143,32.06248612,2.02,0.4699,0.7824
118.782488,31.986731,1.9,2.1654,6.3712
118.767271,32.069499,1.13,0.6562,1.5713
118.903593,31.925024,6.39,4.8341,15.3623
118.779406,32.0632,2.02,0.5134,0.8992
118.800436,32.02623323,1.68,0.6866,2.2533
118.7372467,32.13315833,4.36,1.4677,8.6085
118.8274885,31.96614904,10.24,2.1934,8.7667
118.756599,32.060946,1.55,0.9114,1.8778
118.865915,32.150821,4.66,5.1616,7.9775
118.74614,31.946591,5.87,7.2233,11.2663
118.7681,32.0028,8.06,14.4217,5.3199
118.746798,32.23216,4.27,0.6747,17.8736
118.731166,32.083274,4.13,4.5829,5.1501
118.803494,32.093904,2.19,3.0258,4.2553
118.919398,32.05496,10.32,11.5968,3.0707
118.827482,32.140081,4.37,1.2372,8.5573
118.794407,32.010347,4.62,14.7767,3.8394
118.589422,31.853586,9.04,1.6532,27.4045
118.79491,32.072325,1.66,2.3149,2.3888
118.780748,32.093663,1.6,1.7541,3.8556
118.86313,31.775782,8.54,1.6928,28.0554
118.820092,32.073108,3.38,1.441,1.8299
118.733346,32.054356,7.14,1.1136,4.1273
118.829036,31.83093,8.23,5.4228,21.9914
118.9566681,32.12751812,7.56,4.885,7.5013
118.746805,32.064673,1.88,2.4865,2.9238
118.720649,32.141193,2.95,2.215,10.1177
118.87374,32.139048,4.77,5.6224,6.5826
118.726794,31.960539,6.05,7.0196,10.6405
118.873273,32.095805,3.38,5.8372,3.1618
118.750943,32.244454,2.89,0.7513,19.033
118.83206,31.849516,8.36,7.178,20.2027
118.818514,32.019114,9.58,15.2467,3.5741
118.730986,32.204778,2.89,3.7414,15.5423
118.803525,32.047253,1.18,1.0908,0.5979
118.747407,32.151343,8.49,2.1268,9.953
118.802407,31.799035,4.38,11.12,24.9609
118.553357,31.80018,8.55,7.2523,33.7917
118.700955,32.152923,3.15,0.1572,12.2047
118.6706148,31.83996139,8.98,6.7631,23.9401
118.7929227,32.00028695,8.49,15.5529,4.8549
118.6462583,31.90721862,4.71,2.7467,19.6185
118.839872,31.835473,8.54,5.8229,21.7259
118.818445,32.125543,4.32,0.7643,7.0757
118.8123276,32.01876951,1.68,0.9138,3.3224
118.7526452,32.08925616,1.98,1.5111,4.0184
118.777626,31.918047,3.8,0.9428,13.2087
118.803686,32.098194,2.18,2.815,4.6456
118.630143,32.046135,8.57,1.2728,14.4767
118.823473,32.084399,1.97,1.0989,2.9759
118.832295,32.130853,2.24,2.0207,7.6983
118.6917023,31.87498017,8.95,8.9106,19.8735
118.8006025,32.03024708,1.68,0.7724,1.8581
118.8036054,32.01417338,1.85,1.4175,3.4929
118.8233072,31.95251157,10.25,2.7623,9.9442
118.4716272,31.87802732,0.41,0.2945,35.1176
118.776593,32.098945,2.18,0.488,4.3391
118.853995,32.024794,2.48,0.3483,4.5126
118.803672,31.87684635,4,3.0088,17.1857
118.8388988,31.84013809,8.87,6.3048,21.2494
118.576465,31.832655,9.04,3.4356,29.8265
118.7825983,32.02164872,1.44,0.4066,3.0894
118.648058,32.119743,4.93,5.9231,14.187
118.833059,31.765631,8.87,1.8298,28.517
118.686134,32.19378,3.78,3.2963,16.4073
118.803105,32.011275,1.85,1.1273,3.7714
118.805464,32.09567,2.95,1.3386,4.347
118.78782,32.028106,8.34,12.9105,2.2751
118.8353612,31.83556873,8.79,5.909,21.6335
118.828109,31.949577,10.24,2.4598,10.3587
118.8259,32.020027,1.43,2.0733,3.5231
118.822775,31.929064,3.82,2.2885,12.2138
118.8185699,32.02087304,1.68,1.2599,3.3981
118.59545,31.81745,8.52,3.4156,29.801
118.857331,31.776429,8.26,1.5246,27.8627
118.762552,31.992046,4.36,1.0204,6.4686
118.783168,32.112315,2.18,1.1066,5.7359
118.896662,32.086627,2.34,0.929,0.8619
118.601823,32.028125,8.62,3.5727,17.4948
118.924503,32.087438,7.61,5.8332,2.6236
118.747957,31.947396,4.36,3.9835,11.1436
118.753391,32.243415,2.89,0.7256,18.9009
118.898953,31.903708,5.87,5.4338,17.0347
118.780417,32.056587,1.66,0.3115,0.59
118.6284844,32.14006359,13.9,13.9689,16.8772
118.884726,31.935854,1.44,12.0168,13.5282
118.726697,32.005805,2.59,0.4598,6.9096
118.804767,31.878339,4.42,4.7587,17.0408
118.79458,32.061628,3.32,4.3382,1.3396
118.788765,31.994808,4.88,4.4166,5.4529
118.775839,32.076458,1.93,1.111,2.0895
118.863174,31.948761,5.05,0.5617,11.4388
118.804992,32.03114,1.44,0.4157,1.8922
118.833967,31.838624,8.4,6.0832,21.3085
118.863756,32.042954,6.04,1.2779,4.5044
118.762153,32.051762,4.29,1.3246,1.3025
118.769832,32.053235,1.73,1.2968,0.5322
118.86187,31.791328,8.23,2.3288,26.5154
118.8032528,32.10541358,2.38,3.0812,5.3398
118.8235015,31.93106311,6.56,1.5345,12.0336
118.685151,32.179476,4.93,6.6724,15.2795
118.793698,32.043716,1.6,1.2265,0.6314
118.7980983,31.78747833,8.65,4.8204,26.1122
118.809767,32.074508,1.99,0.9921,2.2337
118.814798,32.132917,4.8,0.347,7.8301
118.865143,31.772142,8.92,1.959,28.4566
118.832457,31.834345,8.26,5.6886,21.7056
118.7371742,31.94116103,6.05,7.9595,12.0403
118.739527,32.08321468,1.86,0.7221,4.464
118.928706,32.071746,8.92,3.1146,2.9707
118.850405,31.94698,10.25,1.5475,11.1954
118.844172,31.962782,8.93,10.1956,9.5074
118.815981,32.051045,1.33,0.9365,0.573
118.7162,32.106721,8.49,3.714,7.7614
118.708061,32.009527,8.49,13.3828,8.0933
118.924484,31.716264,8.79,9.9311,35.4214
118.824083,32.104554,2.24,0.809,4.9888
118.764069,32.005554,9.58,14.1128,5.1142
118.888264,32.13294,7.61,2.1474,5.5551
118.760715,31.764144,8.79,8.6621,28.685
118.701,32.1535,2.78,0.5659,12.248
118.848368,31.959485,10.36,2.9251,9.9371
118.571384,31.8551,8.95,3.4625,28.5477
118.752371,32.026891,1.67,0.7825,3.6309
118.708667,32.187176,4.64,5.66,14.7171
118.8005543,32.06143856,1.34,1.0109,1.3152
118.4628733,32.045305,13.9,6.6419,31.1897
118.7318374,31.99209896,4.28,2.1193,7.6557
118.7747075,32.03352295,1.73,1.0638,2.2077
118.7766556,31.72180339,10.69,15.1694,32.7473
118.820594,31.93289,4.42,0.9645,11.7953
118.8133632,32.02158892,1.44,0.8685,3.1224
118.757039,32.008578,11.85,4.2117,5.0194
118.823685,32.122034,4.66,1.2813,6.7309
118.6357945,31.89945817,8.52,5.7843,20.8919
118.8624106,31.9178922,3.76,0.7899,14.3247
118.859825,31.949167,6.39,0.6582,11.2795
118.7530692,32.09156435,1.45,0.6985,4.1917
118.758924,32.056103,2.93,1.9216,1.5684
118.8416497,31.95661077,9.87,2.7413,10.0493
118.808844,32.118323,4.77,1.7536,6.4538
118.7700999,32.11104813,2.38,0.7825,5.563
118.90039,32.144754,4.77,8.3367,6.6157
118.7319636,32.07820344,2.12,1.497,4.8257
118.832073,32.088749,1.99,2.0312,3.5923
118.851358,31.960817,5.04,1.7117,9.8991
118.7925587,32.00043777,1.96,0.6142,4.8436
118.866385,31.78275667,8.36,2.4968,27.4573
118.733126,32.124489,4.36,1.4254,8.041
118.729534,32.131629,6.02,1.0001,8.8382
118.805062,32.120466,3.89,1.6821,6.7401
118.776265,32.045379,1.75,0.3347,1.0356
118.8117308,32.1393373,4.32,0.8362,8.4961
118.7880152,31.98595606,1.92,1.7047,6.3388
118.884795,32.147885,4.66,6.8976,7.0891
118.878815,32.106572,7.28,1.567,3.4969
118.793078,32.043808,1.6,1.167,0.6658
118.831518,32.089472,1.94,2.0038,3.6432
118.734574,32.026198,1.62,1.3215,4.9664
118.7345271,32.00284192,4.34,2.7254,6.6251
118.7852326,31.98627375,1.9,1.9937,6.3561
118.628718,31.798005,9.04,5.7503,29.6035
118.756861,32.092217,1.86,1.4204,4.0688
118.806775,32.045421,1.68,1.9126,0.9616
118.7520449,32.09331442,1.65,2.4282,4.3944
118.813775,32.115055,4.77,1.8781,6.0597
118.840763,31.927556,1.94,7.6383,12.8476
118.794382,32.055812,1.29,1.6922,0.7939
118.7728433,31.94789333,4.38,4.9676,10.3729
118.8015905,32.09924088,2.18,2.5895,4.8209
118.7332875,32.03214382,4.24,0.7012,4.7507
118.647033,31.934441,8.17,9.0837,17.5934
118.718729,31.867144,9.04,11.4219,19.6564
118.802263,31.984528,1.93,1.6141,6.4234
118.8038961,32.1193045,4.66,1.9376,6.6548
118.879448,32.147472,4.37,6.3863,7.1816
118.9143498,32.00556474,7.6,12.0414,7.447
118.89185,32.068421,2.48,5.7758,1.2916
118.686984,32.124361,4.87,2.1232,11.1376
118.631301,32.078495,8.34,11.5297,14.5116
118.69825,31.9699,3.49,3.6781,11.4777
118.877123,32.150789,4.8,6.1379,7.5667
118.874879,31.94069204,5.04,1.7517,12.6498
118.826592,32.086825,2.98,1.1097,3.2627
118.809103,32.033197,1.68,0.7155,1.9165
118.87666,31.992629,8.65,3.1577,8.3922
118.629651,32.057514,1.71,15.2013,14.4962
118.7528277,32.04996244,1.55,2.0675,2.249
118.889114,32.167088,4.32,7.9451,8.9131
118.8041831,32.09607608,2.19,3.0285,4.4302
118.5486006,31.7914472,8.95,8.279,34.7638
118.769783,32.059787,15.5,2.4977,0.6382
118.744707,31.954411,4.71,1.0585,10.5512
118.795295,32.00594,1.91,0.6556,4.2728
118.469607,31.876069,0.41,0.0209,35.391
118.800056,32.029867,1.68,0.8031,1.8881
118.738957,32.084567,2.12,0.5659,4.5929
118.612836,31.819814,8.98,3.3544,28.5942
118.7480128,32.08520114,1.93,1.8179,3.9788
118.7491,32.0403,7.34,2.0082,2.9738
118.728868,32.214663,2.99,3.1476,16.5507
118.770796,31.96908491,1.94,2.3767,8.3943
118.717721,32.035341,1.68,8.9935,6.0379
118.804705,32.092672,2.38,3.3977,4.0948
118.874804,32.119717,7.61,0.3001,4.8119
118.769499,31.998497,9.58,14.9369,5.733
118.824097,32.022926,3.32,3.1503,3.2109
118.7346281,32.02628579,3.73,0.189,4.9569
118.7282465,31.981176,3.43,6.4144,8.7679
118.881838,32.101102,15.08,2.5787,2.8792
118.810314,32.135372,4.77,0.7741,8.1179
118.849251,32.027773,2.18,0.1967,3.9613
118.822925,32.079771,1.94,1.1363,2.5099
118.8473237,32.13918807,4.75,3.0184,8.0154
118.713912,32.165088,8.49,2.7427,12.5182
118.7816699,32.05141636,1.88,3.3172,0.8215
118.8403951,32.04088756,1.18,2.6977,2.4447
118.6119059,32.05369206,8.62,1.1856,16.2705
118.8063963,32.06123879,1.33,0.6985,1.5318
118.760136,32.073436,1.41,0.5842,2.2964
118.73368,32.05509,1.32,0.3614,4.0923
118.829,31.9611,10.24,2.0142,9.293
118.820439,32.132401,4.77,0.2822,7.7591
118.599383,31.85727,8.52,0.9697,26.4643
118.717759,31.909962,9.04,12.6764,15.6337
118.7811153,32.05983194,2.93,0.3318,0.7769
118.796537,32.003878,1.92,0.4461,4.4737
118.8902331,31.88855329,8.63,3.2391,18.0366
118.781583,32.0268,1.45,0.4258,2.7111
118.908221,31.94381,9.87,4.277,13.5053
118.8146,32.116629,4.33,1.6592,6.2081
118.795366,32.022705,1.43,1.2254,2.6
118.7741946,32.04416442,1.59,0.926,1.1443
118.713322,31.993355,3.78,1.1241,8.7347
118.759024,32.071444,8.49,7.6732,2.2218
118.816076,32.08731,1.94,0.5155,3.2773
118.732763,32.032573,2.67,3.1022,4.7755
118.894239,31.90876,6.39,4.9214,16.37
118.741218,32.040766,7.34,1.2307,3.653
118.794776,32.054895,1.43,2.9746,0.6941
118.8023924,32.01166105,1.93,1.2137,3.7236
118.759926,32.072802,1.39,0.5204,2.2611
118.81298,32.068206,2.98,1.8467,1.5265
118.706347,32.044953,3.34,4.8008,6.9078
118.758623,32.09272,2.38,1.7634,4.0412
118.7508988,32.06598006,1.11,1.989,2.5875
118.753667,32.049293,1.54,2.0949,2.1862
118.800896,31.96507038,4.8,5.5515,8.3591
118.8782865,31.94561823,5.05,1.9089,12.3634
118.6467,32.065333,8.49,11.1902,12.827
118.901078,31.925972,3.76,4.7292,15.2067
118.694651,32.177183,3.46,2.2495,14.5514
118.847143,32.025726,2.55,0.4542,3.9578
118.874597,31.986139,7.61,1.1001,8.7544
118.8162983,31.93715167,11.83,5.8151,11.299
118.804404,32.010124,5.78,2.8118,3.9056
118.734857,32.210899,5.78,2.3708,16.0304
118.8364,32.132,4.8,1.827,7.8851
118.887318,32.072287,7.61,4.6434,1.3988
118.7533713,32.09440068,9.58,5.384,4.4228
118.8195833,32.1245,4.8,0.9205,6.9694
118.759695,32.05688667,1.55,1.3088,1.496
118.734575,32.075473,2.05,1.6233,4.4687
118.802097,32.127686,4.32,1.6138,7.5115
118.827203,32.099853,2.1,1.2517,4.5569
118.876565,32.01475667,8.93,4.3774,6.794
118.7649085,32.08970315,1.99,1.0135,3.5453
118.756506,32.068112,1.55,0.2533,2.1999
118.730961,32.033461,7.14,1.0404,4.8934
118.771905,31.977119,4.28,2.4708,7.5993
118.722281,32.146709,4.62,0.705,10.5062
118.810022,32.110053,4.75,2.4577,5.6191
118.917996,32.103001,6.14,1.4267,3.0439
118.7824784,32.04933924,1.29,2.7725,1.0063
118.79227,32.00976,1.85,1.1407,3.9218
118.791876,32.011033,1.89,1.2732,3.8016
118.75922,32.094409,2.18,1.9316,4.1745
118.701877,32.114454,5.01,0.5131,9.3554
118.7554479,32.02075303,1.67,0.7169,3.9763
118.7836961,31.98808556,11.85,5.1457,6.2114
118.807351,31.983876,1.9,1.8515,6.544
118.760517,32.05088,4.29,1.1421,1.4853
118.7623908,32.07439613,1.54,0.6163,2.2413
118.721028,32.111661,4.87,1.5162,7.7542
118.789967,31.978343,1.9,2.4004,7.0681
118.7897457,32.05407902,1.97,1.0618,0.9659
118.865801,31.7786115,8.87,1.8928,27.8445
118.778215,32.028723,1.37,0.4571,2.7119
118.827011,31.96112838,5.05,3.5244,9.2252
118.856286,31.971201,4.92,2.6948,9.1024
118.7778353,32.06774244,1.11,0.8011,1.2566
118.841054,32.137763,9.58,11.2737,8.3375
118.623014,31.84888,8.52,1.725,25.6342
118.9823768,32.12248992,5.89,6.4834,9.3516
118.773361,32.084626,1.88,0.8478,2.9052
118.7638196,31.97735913,11.85,2.9642,7.8887
118.806329,32.119868,4.66,1.7329,6.6541
118.817812,31.910122,4,1.3114,13.9931
118.778952,32.116783,2.71,1.7772,6.1338
118.801935,32.099592,2.21,2.7647,4.8401
118.856845,31.796824,8.57,2.4235,25.863
118.718402,31.9688,6.05,7.1145,10.3404
118.94932,32.116157,3.67,4.2761,6.2151
118.76152,32.101644,2.38,1.1136,4.7866
118.8084955,32.12459211,4.33,1.175,7.0774
118.868293,31.885075,3.44,4.939,17.639
118.883696,32.10092208,5.67,3.8063,2.7525
118.809387,32.123703,3.89,1.1548,6.9752
118.8169646,32.12433652,4.8,0.9345,6.9606
118.8115391,32.10905411,2.18,3.5827,5.4947
118.7482502,32.08173041,2.19,3.4602,3.7109
118.607672,31.875126,8.49,2.457,24.5837
118.835336,31.82194,8.23,4.4125,22.9763
118.735668,32.08085,1.86,1.1352,4.6403
118.822526,31.909456,10.24,5.9239,14.1341
118.843617,31.954713,10.25,0.9442,10.2777
118.77418,32.044029,1.6,0.7777,1.1579
118.7491378,32.23915102,2.99,0.1578,18.5309
118.791963,32.047767,1.97,1.6261,0.5797
118.844403,31.809939,8.36,3.1646,24.3188
118.751976,32.011987,1.73,0.971,4.9132
118.812886,31.932027,4.29,2.3707,11.7558
118.7627182,32.05802998,1.11,1.0028,1.2128
118.8101814,32.11660337,4.66,1.8099,6.2616
118.8688406,31.95456405,1.99,14.1338,11.138
118.722485,31.950808,4.01,4.5939,11.7036
118.8077155,31.94441077,4.11,0.7573,10.467
118.816112,32.131973,3.89,0.0913,7.7277
118.8107914,31.79208108,8.57,3.3253,25.6853
118.771011,32.069782,1.13,0.5682,1.4629
118.85573,31.95145,4.92,0.7814,10.9264
118.813915,31.868387,11.02,1.1446,18.0941
118.806795,32.08128,2.95,1.017,2.9716
118.761144,32.075099,1.55,0.5926,2.3691
118.821513,32.055739,1.28,1.1802,0.1528
118.73915,32.024507,1.57,0.8679,4.7154
118.6994414,32.16807602,4.93,5.2156,13.5276
118.813191,32.123592,2.05,1.2132,6.9148
118.849939,31.949485,10.24,1.2942,10.9416
118.8302405,31.91097713,5.05,4.4678,14.1418
118.74838,32.016343,8.34,12.7594,4.7208
118.85077,31.9529925,10.25,0.9555,10.6279
118.7511488,32.06106939,1.55,1.1363,2.4081
118.645953,31.848683,8.17,4.023,24.3649
118.828063,32.118614,7.61,4.6073,6.4275
118.7788252,32.04860436,1.86,5.4509,0.8173
118.8983675,31.9195555,5.05,4.7203,15.6168
118.815376,32.027911,1.68,0.8216,2.7212
118.576448,31.830889,8.49,3.5689,29.9598
118.7943629,32.10432885,2.38,2.1875,5.2584
118.861433,31.687065,8.79,9.1692,36.711
118.7670611,32.076355,1.88,0.4401,2.2082
118.700765,32.10897,5.01,0.9189,9.1104
118.8183531,32.04922732,1.28,0.7195,0.5912
118.762945,32.090073,1.93,0.9482,3.639
118.797944,32.024061,1.43,0.9352,2.454
118.751169,32.075792,1.93,1.5436,3.0931
118.838464,31.824855,8.87,4.8002,22.7428
118.7550233,32.20925833,3.96,3.101,15.49
118.729883,31.984671,3.74,1.5853,8.3848
118.822774,32.141341,3.89,1.0598,8.6566
118.819429,32.085482,2.98,0.4059,3.0684
118.760758,32.238101,3.03,1.077,18.3025
118.60067,31.852716,8.55,0.3989,26.7233
118.719868,32.044003,1.51,2.2367,5.5947
118.853192,32.024758,2.55,0.2435,4.4553
118.847863,32.030618,2.55,0.5487,3.6674
118.813319,32.069991,2.9,1.6893,1.6709
118.605758,31.873724,8.95,2.2424,24.8166
118.774236,32.06983691,1.09,0.6762,1.4242
118.766763,32.062113,1.06,0.4415,1.019
118.802087,32.002058,1.91,0.3681,4.6748
118.813586,32.136298,4.32,0.4901,8.1764
118.7972,32.001447,1.96,0.1774,4.7156
118.74162,32.040254,1.72,2.1781,3.6376
118.894302,31.909099,5.44,4.782,16.3426
118.83795,31.957549,10.24,1.216,9.885
118.7905369,32.05237855,1.71,0.8676,0.8099
118.732997,32.039356,3.34,4.1399,4.4662
118.7357168,31.99287553,3.86,3.3383,7.3799
118.777333,32.036063,1.71,1.7735,1.9727
118.6069904,31.86396126,8.55,1.261,25.4595
118.8055775,32.05988788,1.28,1.1375,1.3765
118.728369,32.149371,8.06,0.7727,10.4548
118.593565,32.050359,8.52,8.0468,18.1111
118.78473,32.090054,1.97,2.8466,3.5912
118.8181129,32.02808294,1.68,1.0943,2.6816
118.76599,32.071311,4.62,8.0569,1.7916
118.7644917,32.06742561,1.06,0.7227,1.5557
118.947192,32.128953,4.12,0.6021,6.9148
118.720981,31.998782,3.78,0.2122,7.8124
118.746918,32.071713,1.6,1.497,3.203
118.7613,32.0976,2.27,2.4053,4.4056
118.872819,32.116305,9.77,2.3017,4.6364
118.75929,32.114649,2,3.0786,6.1001
118.8138443,32.115491,4.66,1.8062,6.1023
118.730901,32.070861,7.34,2.6703,4.6287
118.789338,32.001769,9.58,15.2991,4.7572
118.953171,32.055385,10.25,13.956,5.8201
118.868392,31.782667,8.57,2.7624,27.5169
118.7934475,32.10709916,2.18,1.7658,5.484
118.779642,31.919492,3.98,1.6849,13.0365
118.46237,31.938399,13.9,12.3118,33.3502
118.856429,31.766496,8.4,1.9366,28.8152
118.7299001,32.08438433,2,1.1768,5.3166
118.804555,32.013568,1.91,1.4371,3.5696
118.796342,32.00269,1.93,0.323,4.593
118.863947,32.043711,6.04,1.3422,4.5036
118.681518,32.10741,4.87,2.6418,10.653
118.7795918,32.08284014,1.71,1.2292,2.7694
118.7915403,32.05926602,1.28,2.1734,1.2317
118.790224,32.052624,1.13,2.2389,0.849
118.654358,31.94577,4.71,1.2974,16.2852
118.789925,32.040989,1.88,1.3534,1.088
118.763064,32.10800241,2.18,1.3697,5.3657
118.7654763,32.1045734,3.01,2.6807,4.9816
118.7185729,31.98901176,8.06,15.3065,8.7023
118.797123,31.99355,8.06,16.2937,5.5053
118.61393,31.88426,8.17,3.1863,23.4888
118.805112,32.013134,1.92,1.5154,3.6232
118.786347,32.058571,1.93,3.0485,1.2117
118.8897748,32.05266896,2.55,4.6227,2.7802
118.8055837,32.00994909,1.93,1.211,3.9447
118.984085,32.12274,6.05,3.5856,9.5144
118.6885053,32.10746348,4.87,1.9917,10.0509
118.753269,32.091553,2.12,1.1571,4.1805
118.719605,32.150834,8.34,1.1632,10.9973
118.859055,31.775797,8.26,1.704,27.9617
118.571612,32.121906,8.05,8.6574,21.3543
118.7656953,32.26962994,3.96,3.7548,21.4215
118.814977,32.120347,4.8,1.3639,6.5753
118.818567,32.082522,1.94,0.6396,2.7766
118.739896,31.957577,4.36,3.2362,10.3985
118.8747724,31.78237525,8.23,3.2516,27.7157
118.797622,31.998544,1.94,1.6757,5.0056
118.8668,32.0424,3.32,2.2574,4.8128
118.8174399,32.05074004,1.29,0.7301,0.4974
118.702534,32.155009,2.78,0.6088,12.2783
118.847481,31.83444718,8.23,5.6268,21.9863
118.702149,32.142201,8.49,2.6254,11.2911
118.776024,32.019839,5.87,0.7999,3.5789
118.800257,31.9546,14.13,8.7664,9.4035
118.8757569,32.01923402,4.28,3.8082,6.405
118.74473,32.089554,1.86,0.1831,4.5223
118.754159,32.085719,1.88,1.2808,3.64
118.736634,32.075919,2.05,1.5205,4.3061
118.815562,32.114229,4.77,1.9301,5.9608
118.74585,32.23365,3.96,0.4984,18.0356
118.855027,31.949653,6.39,0.7817,11.0743
118.844921,32.030728,1.44,3.8058,3.444
118.8197187,31.85790124,8.23,8.2701,19.1966
118.753393,32.080214,1.93,1.2332,3.249
118.589864,31.84896,9.04,1.5931,27.7178
118.850561,31.780727,8.26,0.8706,27.3039
118.811695,31.96368865,6.39,5.1387,8.6057
118.7553781,32.02089787,1.67,0.709,3.967
118.774464,31.769684,8.92,7.226,27.9882
118.6543401,32.06942298,8.57,3.4923,12.1052
118.697952,32.115711,4.6,0.8262,9.7408
118.834254,32.019106,1.68,2.7923,3.8334
118.808224,32.116081,4.66,1.9423,6.245
118.8050312,32.10912645,7.61,6.9494,5.6422
118.465174,31.870849,0.43,0.5687,36.0385
118.8600296,32.16345115,4.77,5.1831,9.3709
118.7575917,32.089065,1.93,1.1436,3.7539
118.8875732,32.10331694,7.28,1.3454,2.7576
118.692266,32.177558,5.01,6.3348,14.7148
118.5989946,31.85627888,8.55,0.7225,26.5643
118.7533322,32.0914868,2,1.3645,4.1716
118.812439,31.948374,8.93,13.4908,10.1304
118.8321917,31.95662097,8.92,12.0503,9.8233
118.789254,31.91587836,5.05,7.5408,13.299
118.7513606,32.07794301,1.93,1.4662,3.2238
118.8982204,31.92023642,4.92,4.5981,15.5504
118.716664,32.208739,3.06,0.4901,16.3732
118.6009282,31.85643133,8.98,0.5288,26.4254
118.872815,31.94882,5.05,1.4598,11.8287
118.7528622,32.02044189,1.62,0.6464,4.1336
118.7470441,32.0738016,1.55,1.1913,3.3025
118.889449,31.893164,9.42,6.5363,17.5815
118.737769,31.940731,5.87,8.1266,12.0629
118.739327,32.206808,4.27,3.2601,15.5268
118.78046,31.943526,5.87,7.9955,10.6479
118.7144092,32.13307718,4.62,1.612,9.811
118.7198917,32.1410856,2.78,1.7143,10.1493
118.8150438,32.05417352,1.29,0.6526,0.5295
118.7711263,32.0894244,1.93,1.0021,3.4002
118.850726,32.34276,2.63,2.2165,26.868
118.812546,32.072551,1.97,1.1249,1.9361
118.930925,32.054765,10.25,12.3396,3.9203
118.7824854,32.04557982,1.6,0.398,1.2751
118.7746241,32.0435508,1.59,0.8673,1.2049
118.636299,31.824484,8.98,4.2485,26.9336
118.932601,32.133007,0.37,0.3044,6.353
118.7425535,31.98341432,8.34,15.9507,7.8979
118.760279,32.096379,2.19,1.6396,4.3221
118.759271,31.962533,3.59,1.8288,9.4257
118.794808,32.086529,2.98,2.0692,3.6945
118.8042069,32.09644837,1.94,1.5016,4.464
118.923551,32.044843,9.83,11.1159,4.1275
118.7977383,31.99870429,1.91,0.2001,4.9896
118.898314,32.068089,4.42,4.9935,1.0616
118.7286241,32.15281645,4.59,1.8316,10.754
118.9025724,31.69812083,8.36,10.0688,36.5833
118.7259723,32.02021889,2.69,2.5043,6.0137
118.750213,32.075813,1.93,1.6333,3.1675
118.751522,32.097997,2.05,1.347,4.8271
118.717812,32.134644,5.01,2.1739,9.7328
118.803034,32.005034,1.85,0.5786,4.3891
118.766309,32.006975,3.59,2.7344,4.9327
118.8899065,32.0604514,2,0.4483,2.067
118.833547,31.955084,10.36,4.3566,10.0151
118.836923,32.343224,14.03,2.2779,27.1992
118.811471,32.016572,1.43,1.2056,3.4863
118.77606,32.096148,3.45,0.5687,4.0574
118.933871,32.131981,0.37,0.1479,6.3327
118.72659,32.151778,9.58,0.9846,10.7495
118.917921,31.903648,3.44,7.1641,17.5888
118.747706,32.034885,1.62,1.4643,3.3947
118.7389018,32.06068668,9.58,8.2088,3.6059
118.750931,32.107572,3.14,4.2169,5.7108
118.732742,32.083982,2.12,1.0641,5.0573
118.759027,32.058897,1.55,1.1027,1.5918
118.77256,32.052655,1.09,1.1353,0.3583
118.815471,32.133825,4.37,0.1838,7.9162
118.8972134,32.04602749,2,1.2105,3.2675
118.905909,31.893844,5.04,7.0156,18.2316
118.798682,32.10174,4.8,3.7363,5.167
118.711921,32.310086,9.55,12.6609,26.2091
118.741209,32.020129,2.13,0.3419,4.8715
118.777885,32.066845,1.09,0.7488,1.1715
118.8598017,32.09760167,3.38,4.5502,4.4282
118.75189,32.012837,1.67,0.9688,4.8419
118.8235474,32.11791877,7.61,5.0565,6.3192
118.8490245,32.02678097,2.48,0.2678,4.0134
118.68335,31.94054,3.72,2.8686,14.6852
118.733064,32.124144,3.67,1.7765,8.0147
118.7272009,32.02240824,2.32,2.1533,5.7865
118.713593,32.137081,8.05,11.7621,10.1789
118.698926,32.180223,2.78,3.1397,14.5799
118.753117,32.078465,1.93,1.2836,3.1374
118.721239,31.99871348,2.46,0.4246,7.7997
118.730915,32.266651,4.62,12.4493,21.5525
118.752478,32.020152,1.67,0.4333,4.1784
118.813783,31.964102,3.24,14.0385,8.6015
118.6065603,31.79656272,8.55,5.5076,30.8768
118.75387,32.112742,2.05,2.5937,6.0786
118.738876,32.232626,3.78,3.5272,18.0595
118.8353451,31.94444456,10.32,2.2881,11.075
118.7927886,32.10093898,3.22,0.6687,4.8851
118.773525,32.043215,1.59,0.9667,1.2432
118.7949911,32.05729601,1.28,1.7775,0.9108
118.867606,31.78266,8.65,2.2851,27.4974
118.773429,32.08264611,2.02,2.5421,2.7071
118.815026,32.119977,4.32,1.3319,6.538
118.828407,32.090543,1.94,1.7461,3.6641
118.8992792,32.0828658,5.67,3.767,0.4297
118.776054,32.094298,2.18,0.9502,3.8725
118.758112,32.0562,1.56,1.37,1.6499
118.770982,32.06122,1.09,0.268,0.6684
118.771179,32.110435,2.38,0.706,5.4942
118.793594,32.020299,1.68,1.5003,2.8597
118.824472,32.118645,2.12,1.0856,6.3971
118.700396,32.09733,4.62,5.2525,8.5133
118.7940125,32.01843994,1.96,1.8542,3.0385
118.804362,32.097812,2.98,1.5875,4.5861
118.814326,32.135841,4.75,0.4164,8.1251
118.8411932,31.95089571,10.24,1.3959,10.5994
118.810599,32.074757,1.97,0.9241,2.2181
119.01121,32.134968,4.46,3.9099,12.4858
118.731186,32.033077,7.04,1.0082,4.8909
118.7052282,31.99310267,3.74,1.5645,9.3372
118.7632787,32.06890281,1.56,0.5274,1.7468
118.681939,32.107613,4.87,2.5954,10.6261
118.828177,32.022571,5.72,2.7769,3.3187
118.753576,32.2445177,2.89,0.8325,19.0084
118.793504,32.057704,1.29,1.8472,1.0024
118.811173,31.794147,8.4,3.3822,25.4809
118.904186,31.901127,4.94,6.0568,17.5087
118.834904,31.932687,3.44,1.7124,12.1737
118.863363,31.965094,8.93,8.791,9.9516
118.812777,32.070909,1.03,0.8948,1.777
118.928312,32.061612,8.93,2.8572,3.3189
118.7959241,32.03136719,1.44,1.1732,1.7324
118.636955,31.792134,8.55,6.7746,29.7255
118.726458,32.126566,2.12,4.0246,8.5754
118.833249,31.764984,8.87,1.8588,28.5835
118.692506,32.177767,3.46,2.4161,14.7188
118.733127,32.124723,3.64,0.9876,8.061
118.758409,32.086056,1.88,0.9267,3.4492
118.845831,31.951387,10.32,1.1672,10.6528
118.7283456,31.99455104,4.28,2.5421,7.6593
118.694223,31.969702,3.98,6.2493,11.7639
118.856577,31.781856,8.92,1.1162,27.3165
118.745343,31.971883,4.86,0.8429,8.8682
118.80277,32.083608,1.94,0.9532,3.3714
118.8141078,32.02872455,1.68,0.7194,2.5773
118.80256,32.118898,4.8,2.1465,6.6498
118.8037219,32.10344969,4.75,3.3052,5.1387
118.818258,32.019824,1.76,1.4055,3.5046
118.814398,32.131912,3.89,0.2282,7.7328
118.8897311,32.10244761,7.61,2.1221,2.5886
118.9179599,32.10298741,6.14,1.4278,3.0406
118.731832,32.246272,4.27,1.5665,19.541
118.731786,32.027256,3.47,0.9507,5.1346
118.808004,32.115068,2.18,3.3835,6.15
118.7253636,31.95505956,4.71,1.4715,11.1949
118.736862,31.989512,4.62,15.2963,7.6104
118.757962,32.232285,4.27,1.3974,17.7467
118.772107,32.050542,1.55,2.3777,0.5639
118.848225,32.026119,2.55,0.3409,4.0037
118.804579,32.010233,1.43,1.7484,3.8979
118.774839,32.046862,1.41,2.6497,0.8741
118.5252123,31.92339817,13.9,11.8469,28.2262
118.8345254,31.84105243,8.36,6.3073,21.0789
118.74931,32.085918,1.86,0.7392,3.9481
118.8202,31.9496,3.93,1.4046,10.1525
118.7458238,32.08726877,1.93,2.0841,4.279
118.773937,31.98889,4.8,2.9679,6.4265
118.618201,32.052719,13.9,8.9668,15.6426
118.8193201,32.13426626,4.32,0.2333,7.9462
118.924645,31.836167,4.55,15.423,24.2266
118.8178708,32.04791663,1.18,0.3476,0.7309
118.831891,31.907551,11.02,4.6262,14.5134
118.812124,32.06606546,2.01,1.7938,1.3912
118.740938,32.069476,1.55,1.7367,3.641
118.733554,32.062424,1.71,4.9218,4.1609
118.727716,32.144894,3.41,1.101,10.0854
118.780734,32.070036,2.02,1.1959,1.5685
118.747272,32.140715,8.49,1.8903,8.9395
118.8199143,32.05092562,1.28,0.8763,0.3903
118.7847,31.9357,5.87,7.5962,11.3646
118.798686,31.982941,1.92,1.6769,6.5666
118.733371,32.059398,1.32,0.071,4.1404
118.8443579,32.10744651,7.61,3.1178,5.7874
118.8013612,32.05538906,1.29,1.0458,0.7713
118.831949,31.896533,4.42,3.2618,15.5876
118.8213812,32.04296734,1.18,0.8665,1.1892
118.91416,31.90001,3.16,6.9734,17.9166
118.808567,32.034075,1.44,0.6759,1.814
118.663278,31.920265,4.38,2.9108,17.5237
118.74186,32.103599,2.12,1.4199,5.8102
118.882619,32.12834,15.08,1.1233,5.2624
118.82635,31.816418,8.26,4.1282,23.3943
118.804456,32.041491,1.28,1.0857,0.9807
118.7939569,32.00850985,1.9,0.9573,4.0265
118.769487,32.07036134,1.11,0.6378,1.5622
118.544399,31.784774,8.85,8.8874,35.5442
118.865263,31.76665,8.26,2.5838,28.9932
118.809985,32.028517,1.44,0.3153,2.3542
118.760368,32.093506,2.38,1.5782,4.049
118.820422,32.129107,4.75,0.5083,7.4297
118.7801362,32.05274384,1.71,0.1822,0.623
118.714227,31.99351,3.49,0.8764,8.6603
118.767053,32.068389,1.11,0.563,1.485
118.8015722,32.04841481,1.05,1.283,0.3877
118.798217,32.006668,1.96,0.6187,4.1935
118.774446,32.032057,3.49,6.2738,2.3544
118.7950948,32.09927209,2.18,1.9527,4.8242
118.779465,32.04304,11.73,15.7136,1.3469
118.788164,32.029708,6.05,2.2621,2.1162
118.7456474,31.84097549,8.17,14.0199,21.405
118.7179073,31.96899434,6.01,7.3423,10.3511
118.7443144,31.9702495,4.81,0.7957,9.0564
118.855215,31.777287,8.92,0.8918,27.7342
118.904866,32.090884,8.78,5.15,1.3288
118.817901,32.040785,1.05,0.82,1.4229
118.780167,32.028024,1.86,1.139,2.7033
118.770654,31.988388,8.34,15.9778,6.6007
118.641143,32.0763,10.9,2.1262,13.5053
118.972308,32.127389,3.72,0.604,8.7394
118.794706,32.103572,2.38,2.2206,5.2015
118.776916,32.063633,1.06,0.6122,0.836
118.931794,32.101422,5.89,1.9216,3.93
118.828062,31.90813967,10.69,5.1797,14.3704
118.9372154,31.91953512,4.64,8.2674,16.3406
118.790874,31.940077,5.87,6.9553,10.8737
118.903054,32.09948,2.9,0.808,2.1132
118.759808,32.117304,2,3.3189,6.3452
118.8057419,31.8963797,14.13,2.9458,15.2433
118.803766,32.11651698,4.75,2.189,6.3884
118.793633,31.96687,4.85,4.7931,8.1831
118.806756,32.081368,3.38,1.0379,2.9812
118.764508,32.243317,2.89,1.5824,18.7988
118.765586,32.068191,1.55,0.7484,1.5485
118.7683333,32.07937833,1.98,0.3493,2.459
118.717171,32.138358,10.41,11.5857,10.0732
118.7715857,32.06593686,1.11,0.2039,1.0767
118.7640698,32.07204414,1.09,1.0694,1.9527
118.814138,32.136638,4.77,0.4888,8.206
118.786314,32.050293,1.93,3.6985,1.1511
118.778202,32.062784,2.02,0.5084,0.8036
118.760481,32.088604,1.93,0.9223,3.5897
118.805433,32.030111,1.44,0.3045,2.0041
118.813766,32.125452,4.77,0.8913,7.0944
118.7453379,32.08836311,1.86,0.2734,4.3928
118.80423,32.11621,4.32,2.1356,6.3468
118.747979,32.14849,8.49,2.069,9.6629
118.762107,32.080736,1.88,0.3795,2.8069
118.862484,32.035635,2.55,1.4145,4.6338
118.7450192,31.97298174,4.81,0.5136,8.7754
118.731552,32.203183,3.03,3.9049,15.3733
118.7399071,32.10664301,1.86,1.7304,6.1717
118.8897771,32.05276354,9.57,10.159,2.7712
118.7465406,31.75928695,8.23,9.7844,29.3802
118.773553,32.110283,2.38,0.6765,5.4693
118.734078,32.1268,9.58,1.632,8.1924
118.745947,31.944612,6.05,7.2559,11.4627
118.80757,32.073469,2.95,1.5374,2.2588
118.7176581,32.13529177,8.49,1.256,9.7945
118.763226,32.070401,1.54,0.4877,1.8666
118.903994,31.923852,4.92,4.9373,15.4805
118.8182,32.13545,4.37,0.2462,8.0667
118.88824,31.928201,10.25,5.1976,14.3686
118.724695,31.937984,4.48,4.5444,12.7766
118.922613,32.050362,9.71,3.8783,3.6302
118.78179,32.051281,1.88,3.3348,0.8387
118.7207683,31.99897877,3.74,0.1743,7.8127
118.855039,32.152566,4.32,4.2464,8.6455
118.8291016,32.1104393,2,0.2493,5.6321
118.862513,32.314191,9.55,3.6489,23.8523
118.783967,32.100493,2.19,0.9651,4.586
118.738329,32.084532,8.34,5.8694,4.6397
118.803466,32.021818,9.58,14.1784,2.7396
118.806582,32.014136,6.05,3.0874,3.559
118.732044,32.094237,2.12,1.0979,5.7479
118.865104,31.772044,8.92,1.958,28.4652
118.935651,32.133081,0.37,0.1522,6.5219
118.814431,32.006176,1.92,1.7568,4.5604
118.914539,32.060377,8.93,2.3777,2.3437
118.837092,31.841413,8.54,6.4474,21.0899
118.766624,31.771916,8.54,7.9878,27.8424
118.7979504,32.00273773,1.96,0.236,4.5863
118.838261,31.841977,8.26,6.3799,21.0567
118.7842065,31.96932023,1.85,3.4778,8.042
118.75447,32.095023,4.62,5.4243,4.4265
118.841155,32.1118,7.61,3.3322,6.0686
118.794599,32.026608,1.43,1.2042,2.221
118.819636,32.085478,1.99,0.7464,3.0675
118.8588585,31.77523577,8.4,1.8103,28.0122
118.848292,32.116828,4.75,4.0057,6.4144
118.783992,32.017428,1.5,0.7795,3.4053
118.805798,32.11665,4.66,2.0212,6.3518
118.793037,31.908819,11.73,2.2959,13.9859
118.788285,32.104315,4.62,7.1455,5.0601
118.824536,31.980915,6.82,3.5234,7.2811
118.757382,32.09676,2.38,1.6552,4.4616
118.948309,32.218064,13.2,15.0349,14.766
118.8360516,32.04820406,2.34,2.7023,1.7081
118.707779,32.100713,5.01,1.5219,8.0624
118.780521,32.017176,1.86,2.2243,3.5813
118.947306,32.058816,9.83,13.7694,5.1461
118.851536,31.968197,10.24,0.6288,9.2073
118.750108,32.252733,4.27,1.4644,19.8649
118.524614,31.923059,13.9,11.883,28.2949
118.937027,32.054514,9.83,12.7415,4.4339
118.838819,32.052306,1.44,4.0346,1.8688
118.8001205,32.0146374,1.92,1.5073,3.4049
118.712899,32.159031,4.62,2.2413,12.0437
118.832845,31.79736167,8.79,2.399,25.3685
118.7364092,32.09203897,2,0.3482,5.2786
118.7837017,32.0498726,1.88,3.5512,1.0754
118.888689,32.15186,4.77,7.3253,7.4098
118.7813335,32.05376552,1.13,1.4614,0.6979
118.899229,31.90265186,5.44,5.5846,17.1411
118.949608,32.133404,13.11,5.6963,7.4056
118.811472,32.042631,1.28,0.7374,1.501
118.869439,32.338654,9.55,3.4139,26.182
118.788958,31.870936,14.13,1.5162,17.7879
118.669811,31.756893,8.49,11.3258,31.6554
118.772558,31.946145,1.55,12.4574,10.5495
118.895578,31.908183,5.44,4.9376,16.4822
118.817514,32.048554,1.29,0.7419,0.6848
118.895503,31.907234,6.07,4.9971,16.5633
118.7799553,31.94514491,6.39,7.8683,10.4966
118.7672498,32.09260779,2.38,1.2182,3.7731
118.548863,31.800443,8.95,7.6343,34.0679
118.7483517,32.09099667,8.49,5.4581,4.4067
118.820235,32.073072,1.99,1.3586,1.8262
119.00525,31.74205,7.18,7.8848,35.2683
118.734546,32.127265,3.62,1.2731,8.2099
118.780359,32.053505,1.66,0.0946,0.6128
118.8682464,32.13724672,4.32,5.1115,6.6596
118.7971475,32.11657154,2.21,2.7992,6.5007
118.783609,31.991049,1.94,0.906,5.9251
118.786,31.9004,4.59,1.941,14.8661
118.782546,32.031973,1.54,1.2355,2.2497
118.776173,32.08432463,1.88,1.0927,2.8768
118.800387,32.082176,2.9,1.5327,3.3683
118.799537,31.878629,11.02,0.7882,16.9981
118.802952,32.023208,1.68,0.5254,2.5929
118.867165,32.164932,4.77,5.8576,9.2294
118.804794,32.122032,4.8,1.7707,6.8987
118.885004,32.134392,10.37,1.1474,5.7721
118.7041,32.201443,3.06,0.9732,16.1989
118.692964,32.184407,3.69,2.0584,15.2498
118.715016,31.99255891,3.91,0.6296,8.6743
118.795278,31.999719,6.01,2.2025,4.8941
118.757715,32.050516,1.56,1.9388,1.7634
118.7621594,32.049838,4.13,1.099,1.371
118.807116,31.947872,3.28,0.2228,10.1167
118.763887,32.047809,8.34,10.1198,1.3246
118.761402,32.0268575,9.58,11.9875,3.1628
118.93467,32.131607,0.37,0.063,6.3448
118.7557047,31.99391958,8.34,15.0958,6.451
118.8253654,32.12209625,4.66,1.3665,6.7477
118.772824,32.083477,1.93,0.7542,2.7934
118.829015,32.090203,3.38,1.384,3.645
118.859021,31.766687,8.57,2.1409,28.8505
118.716469,32.142866,8.49,1.1979,10.4855
118.73513,32.22190322,3.96,1.9158,17.0923
118.813763,31.971891,3.82,2.9588,7.8373
118.6926205,31.77974876,9.04,11.2202,28.7775
118.747683,32.108393,2.05,1.921,5.9259
118.7440919,31.97906948,3.78,2.8877,8.2387
118.779596,32.082392,2.27,0.6355,2.7254
118.7577161,32.06419654,1.65,0.5617,1.8946
118.863171,32.165022,4.75,5.5386,9.3864
118.763012,32.090135,1.93,0.9522,3.6427
118.80481,32.031218,1.43,0.4037,1.878
118.8152626,32.11573141,4.66,1.7599,6.1129
118.818015,32.042121,1.18,0.6987,1.2893
118.918639,32.058963,8.92,1.582,2.7212
118.764754,32.07221,1.09,1.0396,1.9309
118.75418,32.09486808,2,1.5014,4.426
118.742378,31.962462,5.78,5.9217,9.8554
118.6925856,31.88386734,8.95,9.2695,19.0311
118.783257,31.982737,1.94,0.6174,6.7428
118.916457,32.064952,4.64,11.1125,2.1534
118.749276,32.2396,2.99,0.1889,18.5735
118.840955,32.022704,6.02,16.4266,3.8176
118.9136911,32.0382212,8.93,0.1812,4.2701
118.767598,32.068619,1.09,0.5817,1.4783
118.86481,31.768364,8.54,2.0686,28.816
118.738341,32.135225,2.37,0.7091,8.7492
118.552507,31.81283,8.85,6.3919,32.9033
118.779419,32.043265,1.66,0.4086,1.3243
118.8644873,32.04247274,2.48,2.033,4.5877
118.579725,32.147636,8.62,10.0971,21.5515
118.728171,31.997047,2.4,0.6296,7.4727
118.757181,32.014166,4.85,3.9001,4.4947
118.73521,32.127219,3.64,0.9118,8.1736
118.796726,32.104959,2.18,2.0659,5.4091
118.8073783,31.99967806,1.91,0.8609,4.987
118.6747701,31.88927055,8.49,7.8723,19.3988
118.822819,31.959663,10.25,2.6423,9.2416
118.553681,32.109222,13.9,7.1729,22.7334
118.895988,32.111771,3.72,7.9895,3.3389
118.8331012,32.34565014,11.86,2.5041,27.5254
118.8280878,32.12475247,4.32,1.364,7.0375
118.724472,32.135012,3.67,0.3959,9.391
118.645489,31.913084,5.15,13.0044,19.2303
118.591252,32.060661,13.9,6.4855,18.3418
118.894344,31.971034,1.91,9.9955,10.7704
118.701647,32.119163,5.98,0.5546,9.6759
118.92539,32.045558,10.32,11.2575,4.1793
118.541331,31.971129,8.57,11.7161,24.8092
118.745378,32.08900452,2.12,0.35,4.4382
118.7945952,32.10558369,2.19,1.9776,5.3835
118.8847184,31.73820922,8.57,5.9312,32.2358
118.730161,32.207805,5.66,3.0261,15.856
118.779174,32.051159,1.97,0.8248,0.6375
118.853741,31.765296,8.54,1.4379,28.8794
118.8509827,31.9288982,10.69,8.2719,12.9596
118.721822,31.927216,3.78,7.1695,13.8809
118.821632,32.04360497,1.28,1.2236,1.1284
118.7018573,32.09677756,4.05,5.1347,8.3589
118.845546,31.953348,6.56,2.2639,10.4556
118.976316,32.12999681,7.61,10.3064,9.2176
118.744375,32.053161,8.34,9.0643,3.0323
118.8119579,32.01605736,1.43,1.2726,3.5529
118.79442,31.979906,1.44,4.6961,6.8772
118.771302,32.064612,1.06,0.0871,0.9597
118.799861,31.996097,1.91,0.4432,5.2547
118.701643,31.86578,8.98,9.8484,20.3358
118.779157,32.118053,2.18,1.4577,6.2619
118.9294583,31.70038733,8.23,11.6823,37.0852
118.8052322,32.09704464,2.95,1.4505,4.4842
118.850291,31.959562,10.25,0.3078,9.9858
118.596441,31.862658,8.85,1.4147,26.2616
118.768121,32.070827,1.09,0.7501,1.6548
118.7929117,31.9680865,4.86,4.8669,8.0656
118.755004,32.012955,5.15,2.6922,4.6932
118.883215,31.959888,10.14,2.4752,11.3879
118.799031,31.944556,4.62,6.4643,10.4053
118.637598,32.038667,12.14,2.2335,13.8044
118.827926,31.915069,4.92,4.2803,13.6909
118.861412,32.040614,1.68,5.607,4.3494
118.724928,32.045124,7.14,0.5049,5.0765
118.85435,31.762938,8.26,1.9586,29.1225
118.7962985,32.00385845,8.49,15.3747,4.4763
118.8520827,31.94315617,10.25,1.9474,11.6089
118.745732,32.102803,1.86,1.3503,5.5331
118.7393483,32.02139167,1.72,0.8152,4.9121
118.689306,32.114107,5.01,1.7586,10.3432
118.750535,31.964635,6.05,5.2587,9.4094
118.7755551,32.07807374,1.88,0.998,2.2494
118.8404742,32.11143114,1.97,1.7971,6.0108
118.7184615,32.034677,3.47,2.0419,5.9911
118.894992,31.903718,6.39,5.3329,16.8546
118.729587,32.375191,11.86,10.1458,32.2745
118.802742,32.030636,1.44,0.5288,1.8658
118.744419,32.050599,7.34,1.6325,3.0593
118.7587025,32.07960463,1.93,0.7135,2.8792
118.882226,31.932707,0.38,0.4359,13.6909
118.8126594,32.2060132,6.41,13.4871,15.1396
118.730645,32.13249167,4.62,1.0145,8.8568
118.791355,32.325378,9.55,4.5862,26.9555
118.7576522,32.08029895,1.98,0.7459,2.9954
118.817355,32.087077,2.9,0.2371,3.2401
118.819311,32.034496,1.68,1.4485,2.0338
118.805229,32.011428,9.58,15.1585,3.7927
118.753983,32.070419,1.54,0.4475,2.539
118.771499,32.243151,2.57,2.979,18.7577
118.933866,32.317781,10.02,11.7428,24.1595
118.789551,32.02935087,1.6,1.4687,2.0903
118.873335,31.97712,6.45,7.3266,9.4066
118.748394,32.064688,1.88,2.3657,2.7737
118.943795,32.149073,4.8,12.6545,8.3078
118.7678895,32.08853301,4.62,6.7047,3.361
118.77169,32.08069,1.11,1.662,2.5258
118.805635,32.096923,1.99,1.4452,4.4593
118.740723,32.022196,1.51,3.8163,4.7576
118.879257,32.156704,4.8,6.5282,8.076
118.795628,31.974559,1.94,1.1366,7.407
118.8277,32.086428,1.99,1.5575,3.2472
118.773542,32.104934,2.19,0.1769,4.9345
118.8153317,32.13940493,4.75,0.6455,8.4741
118.6615404,32.12369347,11.02,7.3553,13.1982
118.87591,32.01433,8.92,4.9359,6.8567
118.822048,32.129656,4.33,0.6445,7.4866
118.732631,32.144822,4.05,0.8979,9.86
118.714857,32.109431,5.01,1.0333,8.0418
118.798405,32.026585,1.43,0.8258,2.2026
118.8052843,31.87833992,4.71,5.1323,17.0429
118.798411,32.023698,1.44,0.9393,2.4912
118.8882646,32.09321483,5.67,3.7697,1.8619
118.704505,31.91915,8.17,11.8433,15.3401
118.601717,31.856812,8.55,0.5908,26.3449
118.773468,32.033784,2.31,2.6213,2.1845
118.7981475,32.02279515,1.68,0.9837,2.5809
118.7731089,31.77739664,8.26,6.9097,27.2316
118.8871155,32.16842651,4.66,7.811,9.0718
118.769752,32.101128,2.37,0.8004,4.5785
118.769267,32.066817,1.13,0.3223,1.242
118.7339027,32.22747329,3.96,1.5433,17.6626
118.770411,32.067086,1.09,0.324,1.2226
118.924971,32.106403,2.43,2.5792,3.7504
118.9174783,31.9043798,5.44,6.903,17.5115
118.773765,32.114264,2.19,1.0525,5.867
118.7288843,32.01229143,3.78,1.4587,6.2973
118.757176,32.245482,4.27,1.3366,19.068
118.7977959,32.03007609,1.44,0.9558,1.8524
118.872581,31.952407,4.92,1.568,11.4977
118.7661763,32.03807254,4.6,1.6867,1.9447
118.815937,32.02690065,1.43,0.9363,2.8248
118.7234219,32.13206425,9.58,1.1203,9.2011
118.677374,32.112676,4.62,5.8347,11.2741
118.80981,32.124581,4.66,1.1485,7.0555
118.850571,32.151076,4.8,3.6787,8.7614
118.790054,31.905179,3.82,4.1262,14.3625
118.576155,31.825125,9.04,3.9077,30.4137
118.856777,32.096215,2.95,4.2457,4.6489
118.847396,31.963338,10.25,0.1945,9.5401
118.8295306,31.94919969,5.87,3.1698,10.4372
118.72569,31.96068833,5.87,7.2494,10.6773
118.785265,31.972217,1.85,3.1709,7.7389
118.7366386,32.23563147,4.27,0.9505,18.399
118.773068,32.030588,6.05,2.0089,2.5059
118.859598,32.096013,2.95,4.5169,4.3811
118.830485,32.090395,1.97,1.9156,3.7014
118.81923,31.942165,3.98,0.6343,10.8591
118.780068,32.052558,1.66,0.1614,0.6257
118.7659502,32.04438338,2.65,2.7587,1.4164
118.735862,32.08826,1.86,0.7164,5.0669
118.827073,32.124693,4.8,1.2572,7.021
118.747757,32.150552,8.49,2.1244,9.8673
118.614519,32.066048,11.02,1.9345,16.0422
118.8012496,32.01176377,1.98,1.2298,3.7007
118.779595,31.94752,6.82,4.6141,10.2689
118.735398,31.987803,4.8,1.5566,7.8315
118.85899,31.82053673,8.54,4.4773,23.6155
118.8132222,32.076342,1.97,0.7493,2.2665
118.720562,31.957112,3.77,7.9251,11.2339
118.756956,32.079326,1.71,1.0912,2.9567
118.7752908,32.09220707,2.98,4.0612,3.6614
118.794954,31.979916,1.37,4.7027,6.8739
118.811339,32.114449,4.33,1.9379,6.0308
118.751757,32.050897,1.56,2.0034,2.3322
118.7955859,32.02216391,1.43,1.2283,2.652
118.8071978,32.07739597,1.99,0.8425,2.6111
118.76985,32.274843,3.96,4.4197,21.9294
118.827264,32.124433,4.75,1.311,6.997
118.828633,31.76134,8.23,2.1985,28.8921
118.759087,32.085288,8.49,6.4306,3.3497
118.781253,31.943111,5.87,7.9155,10.6763
118.812382,32.016217,1.44,1.2501,3.5556
118.620573,31.781795,8.95,7.1058,31.4155
118.777964,32.075084,1.66,2.1741,1.9772
118.757791,32.097105,2.05,1.8721,4.478
118.7461993,32.08891182,2.12,0.4327,4.3775
118.733738,32.138138,8.34,0.7528,9.2099
118.5946441,31.85586691,8.55,1.074,26.8845
118.875899,32.012065,8.93,4.5738,7.0131
118.823053,32.13972,4.8,0.7811,8.4955
118.630059,31.791794,8.55,6.5039,30.0808
118.71812,32.12261,3.86,9.7561,8.7637
118.808545,31.987613,1.96,1.6217,6.1944
118.760101,32.096506,2.19,1.6499,4.34
118.7615955,32.10656585,2.38,1.1327,5.2599
118.753599,32.078762,1.88,1.2438,3.1265
118.7213954,32.13270663,9.58,1.1718,9.3681
118.753844,32.215746,3.03,2.2189,16.1485
118.850207,31.781029,8.36,0.8808,27.2674
118.7599862,32.06829786,1.55,0.2326,1.936
118.804859,31.890473,4.29,1.9038,15.8289
118.728433,31.982923,3.83,2.0443,8.6101
118.855522,31.765022,8.26,1.8809,28.9413
118.729575,32.08300141,1.86,1.4869,5.2708
118.760842,32.09573,2.38,1.4066,4.2423
118.828585,31.956718,10.26,5.5281,9.6934
118.765909,32.032374,1.5,1.622,2.4799
118.7599071,32.05525177,8.49,9.2105,1.4697
118.853652,32.023828,2.55,0.3449,4.5522
118.745861,32.010134,2.13,1.33,5.3787
118.7348392,32.07737575,8.49,6.4745,4.5333
118.716898,32.267152,3.96,3.9924,21.928
118.732001,32.082998,1.86,1.2743,5.0649
118.748844,31.962125,1.96,6.2915,9.6958
118.7313867,31.99243667,11.85,1.9684,7.6531
118.813919,32.041665,1.18,0.6453,1.4612
118.749326,32.144845,4.59,2.3164,9.2755
118.862125,32.098176,2.95,4.8114,4.2457
118.7352352,32.01648281,1.57,1.237,5.5495
118.894112,32.043209,2,1.3527,3.5845
118.760187,32.095607,2.38,1.4626,4.2524
118.805859,32.060076,1.29,1.1155,1.4081
118.618613,32.072457,8.34,12.9223,15.6895
118.9219346,32.10354088,6.14,1.4664,3.3346
118.747512,32.066741,1.55,1.1241,2.929
118.8440763,32.02423448,8.49,16.4932,3.8732
118.716713,31.970754,4.38,4.5624,10.2712
118.779856,32.06611,1.71,1.3126,1.1751
118.927995,32.06781,8.93,3.4003,3.0189
118.739582,32.025002,1.84,0.8712,4.6503
118.7967,32.055811,1.34,1.0852,0.728
119.051735,31.939215,10.14,14.5107,20.6185
118.7447192,32.08558652,1.93,2.1476,4.2333
118.9037,32.099671,2.52,0.6521,2.1429
118.836862,32.107873,2,0.9586,5.5588
118.7294894,32.08158578,1.86,1.5623,5.206
118.870368,31.679326,8.26,10.2904,37.6356
118.80882,32.112113,7.61,6.5448,5.8442
118.773438,32.085167,1.98,0.9459,2.959
118.789816,31.9769825,1.85,2.5506,7.205
118.759307,32.05861828,1.13,1.2914,1.5588
118.5927325,31.862669,8.52,1.8201,26.5138
118.799691,31.995916,1.96,0.469,5.2722
118.748432,32.046378,1.28,1.9135,2.7745
118.77815,32.068829,1.09,0.8684,1.3697
118.774293,32.080584,1.88,0.8393,2.4986
118.727644,32.145534,5.01,3.623,10.1454
118.8271949,31.95416205,10.25,2.3403,9.8937
118.768694,32.078181,1.93,0.4112,2.3341
118.7581849,32.07353996,1.56,0.3641,2.4317
118.80466,32.264678,3.96,6.5425,20.899
118.797033,32.024445,1.68,1.0335,2.4164
118.796873,32.015005,1.98,1.5281,3.3605
118.772145,32.06299333,1.11,0.182,0.779
118.762855,32.078048,2,2.6483,2.5335
119.053312,32.061841,9.71,10.1455,15.4424
118.796539,32.027001,1.44,1.0473,2.163
118.791497,31.98642,1.89,1.5323,6.2489
118.717665,32.134893,8.49,1.2765,9.7616
118.853062,32.023679,2.48,0.3759,4.5194
118.790207,31.943384,6.07,6.9997,10.5482
118.819759,32.125644,4.33,0.8098,7.0836
118.769965,32.062376,1.06,0.1738,0.821
118.763694,32.078922,1.84,2.9867,2.5746
118.939714,31.747167,11.16,12.0651,33.0006
118.925326,32.106255,2.43,2.5938,3.7635
118.733235,32.276052,4.27,3.9251,22.4299
118.782794,32.025229,5.78,1.5641,2.772
118.8286564,32.12480379,1.91,0.8035,7.0491
118.801388,32.047638,1.28,1.0092,0.3811
118.76302,32.075387,1.98,0.5706,2.2926
118.854494,31.950995,10.24,1.2616,10.9301
118.735026,32.202768,2.89,3.7364,15.2396
118.772964,32.067502,1.13,0.3928,1.2014
118.8297958,31.95690115,10.32,2.0388,9.7154
118.770884,31.80461,8.92,8.0141,24.5459
118.7708737,32.06701168,1.11,0.2917,1.2005
118.891048,31.920445,8.67,0.7976,15.1853
118.814919,32.133259,4.33,0.1689,7.8633
118.890403,32.059671,2,0.3164,2.1133
118.780786,31.771326,8.87,6.6411,27.7789
118.7454164,32.07002521,1.39,1.3683,3.2554
118.742627,31.979718,4.28,0.5083,8.2343
118.827775,32.01831093,1.43,2.3123,3.7257
118.856781,31.775416,8.36,1.5275,27.95
118.808387,32.116567,4.66,1.8918,6.2896
118.825299,31.961372,8.92,12.2143,9.149
118.758428,32.094144,2.38,1.6954,4.1799
118.7019783,32.16136667,4.93,4.5169,12.8298
118.781651,32.029773,6.01,1.8031,2.4739
118.716323,32.11903,4.93,0.9467,8.6137
118.704373,32.139725,8.49,2.4116,10.9585
118.742309,32.205015,3.03,3.348,15.2864
118.859203,31.78675,8.54,1.5818,26.8976
118.772867,31.778359,8.57,6.8233,27.138
118.78702,32.089536,1.99,2.5858,3.6137
118.805373,32.035439,1.43,0.7934,1.5234
118.933601,32.130349,0.37,0.211,6.181
118.818789,32.136064,3.89,0.3987,8.1268
118.820949,32.077903,2.01,1.0419,2.3102
118.803535,32.129314,3.89,1.3425,7.6367
118.887794,32.08208338,1.43,9.778,1.2501
118.644786,31.923532,3.77,0.9373,18.5185
118.757394,32.055904,1.54,1.3833,1.7209
118.811526,32.045049,1.29,0.4933,1.3125
118.756241,32.01509,1.67,1.0081,4.4476
118.729613,32.05812,1.23,0.4663,4.5058
118.849282,32.02992811,2.55,0.4056,3.8198
118.876268,32.019625,7.6,15.3547,6.3497
118.768662,32.048206,7.61,12.5787,0.9483
118.815082,32.140928,4.37,0.8013,8.6276
118.542561,31.819714,8.95,7.0688,33.0884
118.735373,32.047038,4.29,1.6804,4.0151
118.695742,31.943095,4.35,2.4244,13.739
118.760774,32.087022,1.93,0.778,3.4329
118.595284,31.859642,8.52,1.4267,26.562
118.8128961,32.07082425,1.97,1.2982,1.7643
118.773887,32.055139,1.11,0.9511,0.0849
118.785343,32.28517,5.66,6.4795,22.9821
118.7391441,32.08889763,1.86,0.3821,4.864
118.7934486,32.09958901,3.14,0.8118,4.7857
118.7125086,32.20967885,8.49,6.9714,16.6119
118.739965,32.093506,1.86,0.4886,5.1346
118.592572,31.85415,8.52,1.3864,27.1507
118.899723,32.086196,1.54,14.2282,0.7596
118.870782,31.983691,10.14,4.6537,8.7214
118.680374,32.107181,4.87,2.7574,10.742
118.807039,32.030676,1.43,0.3107,2.0211
118.7960785,32.05659071,1.29,1.5669,0.8154
118.8602457,31.95922873,10.14,4.7434,10.3593
118.848787,32.116321,7.61,2.5318,6.3444
118.804566,32.010727,6.05,2.8666,3.849
118.504133,32.104749,13.9,6.7756,27.4896
118.808542,32.127066,4.33,1.0067,7.3206
118.705015,31.998876,3.78,1.8085,8.9776
118.7524883,32.24611667,2.89,0.945,19.1796
118.839557,31.778099,8.57,0.1572,27.372
118.883866,32.130343,7.61,1.6697,5.4141
118.846063,31.941484,10.32,2.1279,11.6218
118.801972,32.081456,2.9,1.4081,3.2341
118.809296,32.032351,1.79,0.2741,1.9962
118.958283,32.09388,9.77,6.7362,6.0446
118.554855,31.79718,8.85,7.2661,33.9218
118.7406277,32.08471234,1.45,1.2973,4.474
118.809738,32.016542,6.02,14.9563,3.4244
118.7991982,32.01317807,1.96,1.2688,3.5454
118.771375,31.98379,1.89,3.1565,6.9952
118.7864527,31.98764853,1.92,1.676,6.1981
118.815329,32.120625,4.32,1.263,6.6002
118.7608395,32.01040731,4.62,13.5895,4.7241
118.6988543,32.11910528,3.51,3.3401,9.8845
118.7554047,31.96349994,5.87,5.2999,9.4079
118.7537473,31.96382582,5.87,5.3402,9.4113
118.819713,32.125979,4.8,0.777,7.1171
118.824276,32.121772,4.8,1.3297,6.708
118.9757942,32.12176249,11.16,2.8909,8.7396
118.796267,32.089014,1.99,1.6769,3.9824
118.821036,31.884636,4.62,5.8591,16.5616
118.850139,31.965172,4.92,2.2622,9.4474
118.6333612,32.18435038,7.36,12.1861,19.1115
118.7671194,32.10076867,2.18,0.9478,4.5784
118.7160974,32.10918151,10.41,9.849,7.9332
118.895454,31.906838,5.44,5.0218,16.5963
118.807446,32.119253,4.37,1.7019,6.5712
118.7885309,31.90358181,11.73,1.7391,14.5308
118.699484,32.095083,4.93,2.2765,8.4861
118.774357,32.083324,1.93,0.8964,2.7725
118.760959,32.072601,1.54,0.3868,2.1797
118.821784,31.869305,4.44,4.3319,18.0905
118.850862,32.342732,2.63,2.2292,26.8627
118.801381,32.047608,1.28,1.0106,0.3812
118.407681,31.941897,13.9,15.7313,38.4133
118.802045,32.010116,1.89,1.0659,3.8729
118.768859,32.086909,1.71,0.4395,3.1831
118.4565067,31.86377986,0.38,1.691,37.1454
118.816926,31.890232,8.63,7.0484,15.9531
118.799609,31.9667,1.94,2.0139,8.1922
118.7494981,31.99292216,4.62,15.0861,6.7518
118.848337,32.117286,7.61,2.5768,6.4382
118.61245,31.86625,8.98,1.6344,24.9291
118.792866,32.016118,1.85,1.6668,3.284
118.777624,32.04278,1.66,0.5393,1.3172
118.7781683,31.77024667,8.79,6.8517,27.9038
118.756982,32.082918,1.88,0.9214,3.2506
118.8591203,31.76377549,8.57,2.3208,29.1372
118.798779,32.004935,1.92,0.5279,4.3678
118.780155,32.059817,1.98,2.5744,0.6974
118.776519,32.107653,3.01,1.5581,5.2088
118.763459,32.101498,2.05,2.5643,4.7231
118.860614,31.944716,5.05,0.1844,11.7243
118.711653,32.099024,4.93,1.8034,7.6472
118.895446,31.907974,5.04,5.2732,16.4948
118.72975,32.001416,3.34,0.8178,7.0338
118.832658,32.15382306,4.37,2.5773,9.9781
118.8536942,32.13509389,4.37,3.6543,7.292
118.842374,31.953754,10.24,1.0954,10.3439
118.813664,32.04288,1.18,0.5272,1.3651
118.607642,31.762764,8.52,8.7255,33.7087
118.747906,31.950023,5.15,3.6449,10.8899
118.6032598,31.85449912,8.85,0.3871,26.4195
118.7877605,31.97216558,1.92,2.9412,7.7078
118.8612392,32.04214601,3.63,2.4512,4.2853
118.793599,32.059793,3.07,4.7645,1.1921
118.746215,32.103395,2.12,1.4645,5.5588
118.7967963,32.10537013,2.19,2.1953,5.4495
118.813661,32.017271,1.68,1.1103,3.516
118.635154,31.939488,8.98,9.2647,18.1458
118.724602,32.146059,3.52,0.2503,10.3357
118.74464,31.989317,4.85,1.2883,7.274
118.791904,32.096338,2.38,2.0718,4.4261
118.87785,32.13319167,13.11,1.5026,5.8839
118.803951,32.007551,1.89,0.9291,4.1522
118.8020422,32.08073416,2.95,1.463,3.1708
118.752186,32.113774,4.62,3.7518,6.2343
118.7646752,32.23621869,2.99,1.4672,18.0891
118.7510172,32.24320365,3.03,0.5695,18.908
118.776481,31.721712,10.69,15.18,32.7576
118.820494,32.049259,1.29,1.0308,0.5554
118.768678,32.107578,2.19,0.7279,5.2314
118.78323,31.946159,4.42,3.8754,10.3458
118.69813,32.179782,3.15,2.6086,14.5838
118.793293,32.099159,3.14,0.8543,4.7401
118.7602175,31.97258308,4.48,1.4583,8.4254
118.926105,32.124745,4.46,4.72,5.3116
118.809818,32.130225,4.37,0.7959,7.614
118.6225039,32.05196121,8.49,13.887,15.214
118.81902,32.036322,1.68,1.5356,1.8532
118.7712272,32.03935538,6.01,2.7707,1.6591
118.7382282,32.13249821,8.49,1.3532,8.5066
118.9019504,32.09130082,2.39,0.5395,1.2882
118.752921,32.094357,8.34,5.4224,4.4408
118.7367438,32.13592626,4.59,0.8268,8.88
118.757664,32.033343,8.06,11.2008,2.7968
118.768587,32.085036,8.49,6.955,3.0044
118.853352,32.023941,2.48,0.3684,4.5225
118.7986249,31.85087176,11.02,2.1067,19.773
118.846771,31.969454,10.25,0.7429,8.9366
118.747211,31.990206,4.28,1.2706,7.0898
118.765194,32.068164,1.09,0.7204,1.5695
118.795742,32.089471,1.99,1.7407,3.9928
118.902313,31.945511,10.25,5.5829,13.3113
118.8803,32.098197,5.72,2.1476,2.7646
118.756534,32.08132,1.88,0.9394,3.1431
118.737275,32.0804,2.12,1.0119,4.4813
118.780082,32.043554,1.59,0.3687,1.3235
118.7545529,32.08767548,1.6,1.3796,3.7825
118.7892627,32.00103408,5.15,3.9125,4.8308
118.771562,32.093093,2.18,1.1629,3.7616
118.7346255,32.02651417,1.72,1.4547,4.9436
118.742085,32.15868,5.01,5.5454,10.8087
118.770858,32.048037,7.56,15.4222,0.8438
118.8055479,32.02714551,1.44,0.1495,2.2845
118.732288,32.131968,3.64,0.8378,8.7306
118.9866,32.136936,7.61,11.4288,10.4582
118.602481,32.02838,11.02,4.0406,17.4258
118.7519725,32.07687662,1.98,1.3673,3.106
118.723468,32.224919,3.96,2.5204,17.6871
118.800839,32.016027,4.62,14.5839,3.2724
118.7901915,32.0498045,1.06,2.3973,0.7604
118.825367,32.129633,4.75,0.8542,7.4994
118.7950485,32.0149845,1.85,1.4876,3.372
118.721757,32.114456,4.87,1.5335,7.9097
118.975321,32.13223336,8.98,7.6862,9.2628
118.897028,32.045222,2,1.236,3.3493
118.820832,32.053937,1.93,6.1416,0.1022
118.805751,31.97350856,1.98,2.73,7.5522
118.897432,31.90048,5.04,5.9538,17.2531
118.8803004,31.93367247,3.74,2.8075,13.5183
118.7784172,32.1126733,2.38,1.0832,5.7201
118.716337,32.035043,4.24,1.6745,6.1783
118.7618682,32.06766514,1.56,0.4381,1.754
118.718476,32.133757,4.91,2.7187,9.6221
118.693139,32.178707,4.87,6.4115,14.7619
118.816407,32.135625,4.33,0.2532,8.0909
118.805287,32.117735,4.66,1.9644,6.4691
118.750919,32.096636,1.86,1.0668,4.7379
118.807609,32.032302,1.68,0.6016,1.9074
118.797816,32.030867,1.44,0.9782,1.7733
118.8081886,32.03795511,1.44,1.0522,1.4944
118.8208787,32.08729297,2.95,0.5511,3.2488
118.753809,31.998866,4.34,3.9018,6.0424
118.9043695,31.9099617,5.04,5.8199,16.7477
118.809357,32.075867,2.01,0.8719,2.3731
118.7799298,32.05377849,3.38,0.275,0.5633
118.860059,31.788485,8.54,1.7544,26.7485
118.804025,32.015727,5.78,2.8125,3.3476
118.733481,32.077353,2.05,1.4943,4.6518
118.915333,32.11005,3.67,1.3097,3.5077
118.589599,32.071061,13.9,6.7114,18.5646
118.750482,32.070779,1.17,2.0533,2.8497
118.823217,31.963767,10.25,2.5919,8.8588
118.926877,32.052687,9.61,10.0303,3.7479
118.740665,32.107983,2.12,1.8624,6.2414
118.730207,32.207826,5.78,2.9002,15.8567
118.754287,32.092669,1.86,1.1793,4.227
118.778585,32.070721,1.93,1.6483,1.5637
118.820364,32.052625,1.29,1.0549,0.2186
118.81492,32.029742,1.41,0.6824,2.5537
118.810513,31.794943,8.36,3.5391,25.398
118.773382,32.114014,2.19,1.0326,5.8427
118.8017899,32.10451328,2.18,2.57,5.3038
118.783065,32.051458,1.93,3.4268,0.9424
118.770573,32.0528,3.22,5.8913,0.4905
118.895388,32.091285,7.56,2.8614,1.343
118.814691,32.049317,1.28,0.3557,0.7851
118.8108497,32.12590541,4.32,0.9663,7.1721
118.772624,32.108185,8.49,5.5549,5.2622
118.7694183,32.05279335,1.94,7.1609,0.5893
118.8168391,32.03947046,1.3,1.3615,1.5725
118.839029,31.904633,4,3.4005,14.9782
118.721908,32.142229,8.34,0.5492,10.1395
118.802644,32.00024486,1.89,0.4246,4.8607
118.7438541,31.97276793,4.85,0.4773,8.8354
118.8516219,32.1493916,4.33,3.8626,8.563
118.760771,32.060749,9.58,8.7555,1.4756
118.743456,32.046929,4.13,1.062,3.2329
118.8752661,31.67064995,8.57,11.3037,38.5827
118.921214,32.052752,9.71,4.1192,3.3566
118.751504,32.018378,1.73,0.4342,4.3805
118.8860602,31.93418122,6.97,5.5564,13.7389
118.801111,32.028173,1.44,0.5927,2.071
118.624646,32.063094,8.34,12.9677,15.0141
118.729888,32.054226,7.14,1.0426,4.4733
118.709347,32.206125,4.87,9.017,16.406
118.916352,31.904144,6.07,6.8058,17.5239
118.808423,32.057161,1.28,0.7681,1.2107
118.764508,31.913055,4.88,3.9495,13.955
118.79757,32.020192,1.68,1.1542,2.8408
118.808761,32.010481,5.87,3.1793,3.9691
118.8082659,32.11825132,4.77,1.7899,6.4573
118.73579,32.075413,2.12,1.5263,4.3575
118.759531,32.235451,2.57,1.5868,18.0481
118.755856,32.033571,2.21,1.6674,2.8924
118.796644,32.115155,4.37,2.7353,6.3504
118.796084,31.991335,1.85,0.987,5.7288
118.7815244,32.05883099,1.84,0.3479,0.7641
118.7883532,32.04056382,4.62,11.8358,1.2327
118.805263,32.107824,2.38,3.3034,5.5105
118.765485,32.024196,5.78,1.7062,3.27
118.870835,32.15702,4.77,5.8057,8.3598
118.8195097,31.92882299,3.28,2.4632,12.1746
118.856606,31.797141,8.79,2.2181,25.8266
118.781792,32.025806,5.87,1.4709,2.7796
118.861334,32.04321129,4.28,1.7709,4.2642
118.8120311,32.06569686,1.97,1.8109,1.3671
118.878802,32.001158,10.24,4.883,7.9379
118.725395,32.137183,2.95,2.5418,9.5273
118.8207648,32.13405888,4.66,0.3473,7.925
118.7325839,32.20512577,3.03,3.685,15.5317
118.798961,32.028913,1.44,0.8162,1.9727
118.748502,32.228972,2.68,0.5204,17.5325
118.806679,32.041302,1.68,1.4915,1.1571
118.790643,32.047854,1.71,1.0248,0.7096
118.71172,32.216531,4.93,10.0133,17.2779
118.600006,31.853596,8.98,0.4325,26.6999
118.918355,32.05390333,9.83,11.4837,3.089
118.8616368,31.95078042,5.05,0.5455,11.1941
118.7644957,31.99999981,5.15,1.7974,5.6511
118.771769,32.030504,1.73,2.5766,2.5255
118.760874,32.2424,2.89,1.2141,18.7304
118.743644,32.157551,9.58,2.1705,10.6547
118.912572,32.032587,8.93,0.4452,4.7753
118.77058,32.093709,2.19,1.0977,3.832
118.75985,32.09637,2.19,1.6784,4.3356
118.549631,31.798363,8.55,7.6451,34.1734
118.814798,32.132917,3.89,0.1706,7.8301
118.777653,32.245832,2.89,2.9029,19.0256
118.748174,31.948502,4.36,3.8709,11.031
118.637077,31.905538,5.15,14.125,20.3547
118.791435,32.035816,7.59,0.0038,1.4237
118.819646,32.133645,4.77,0.1862,7.8838
118.744543,32.086515,1.98,2.1364,4.3118
118.81503,32.053342,1.29,0.599,0.5471
118.743665,32.092764,8.34,5.2043,4.8354
118.849157,32.02915869,2.48,0.3042,3.861
118.7724085,32.0636745,1.6,1.3114,0.8367
118.819028,32.11455641,4.33,1.8702,5.976
118.8123429,32.13904027,4.75,0.7779,8.4605
118.754368,32.079649,1.93,1.1412,3.1428
118.606183,31.873292,8.85,2.2697,24.8194
118.775437,32.069509,1.11,0.719,1.3934
118.878845,31.701227,8.78,8.2339,35.6725
118.871921,31.977368,6.45,7.2305,9.307
118.73176,32.027451,4.34,0.2918,5.126
118.7635564,32.23518176,2.89,1.3678,17.9921
118.7836067,32.06330457,1.93,2.5175,1.1852
118.5977605,31.85556087,8.17,0.8518,26.6998
118.753915,32.103351,2.38,1.8587,5.2039
118.8213365,32.0044465,1.9,2.2486,5.0082
118.717938,32.135868,4.93,2.2146,9.8252
118.721695,32.165441,4.05,2.234,12.1918
118.620478,32.063309,8.01,0.6609,15.4315
118.693559,31.970675,3.78,4.0857,11.7388
118.7906083,32.10548833,2.38,1.8207,5.2394
118.838905,31.953482,10.25,1.3545,10.3022
118.734281,32.12568,4.42,1.3224,8.0851
118.821109,32.048051,1.28,1.0099,0.6807
118.769137,32.060369,1.44,3.0318,0.7252
118.842742,31.925762,3.37,1.191,13.0836
118.776409,32.071544,1.11,0.9381,1.6046
118.8755982,31.99330132,8.92,6.4234,8.2712
118.8147655,32.05282765,1.05,0.4642,0.5879
118.758452,32.054086,1.56,1.5818,1.6219
118.802794,31.982058,1.93,1.8667,6.6737
118.8921799,31.954349,7.61,2.9372,12.3528
118.835763,31.912283,5.05,4.098,14.1531
118.704644,32.184539,4.42,5.352,14.6694
118.800812,32.100749,3.38,2.0329,4.9902
118.877918,31.999441,10.24,4.6931,7.991
118.7056553,31.72731936,8.26,14.5751,33.4206
118.8214411,32.13414808,4.77,0.3717,7.9346
118.815578,32.138086,3.89,0.5366,8.341
118.702502,32.111988,4.6,0.5605,9.153
118.7963545,32.01048517,1.93,1.0487,3.8139
118.776214,31.770889,8.79,7.0397,27.8541
118.738204,32.144626,3.77,1.5666,9.6178
118.7851,31.969715,1.91,3.3604,7.9885
118.852861,32.024618,2.55,0.2349,4.4405
118.817699,32.139646,4.33,0.6638,8.4876
118.829991,31.910058,10.69,5.4516,14.2255
118.838172,32.147977,4.75,2.5131,9.2796
118.798326,32.023964,1.41,1.1233,2.4644
118.592935,31.865105,9.04,1.9247,26.3231
118.851183,31.794439,8.65,1.7743,25.9727
118.8804373,32.10045177,6.14,3.9853,2.9196
118.806219,32.110959,2.38,3.4513,5.7888
118.6160811,32.15124485,8.49,11.2715,18.5138
118.7706196,31.77645555,8.78,7.6484,27.3488
118.80585,32.03424,1.68,0.8054,1.6512
118.745572,32.103604,2.05,1.3978,5.6098
118.930702,32.126178,5.89,1.7053,5.6733
118.806527,32.060595,1.28,1.158,1.4893
118.7322835,32.15713057,4.62,1.5618,10.9996
118.776008,32.05508,2.93,0.4955,0.1501
118.7483362,32.10824393,2.05,1.9339,5.8832
118.759607,32.01983,1.5,3.1322,3.8785
118.603112,31.852896,8.52,0.3951,26.5513
118.793284,32.017648,1.68,1.6524,3.1265
118.618358,32.060554,12.14,4.2638,15.6321
118.820221,32.073503,1.99,1.323,1.8693
118.833066,31.95199628,10.24,1.9113,10.2874
118.624602,31.915923,8.95,6.7303,20.4961
118.785381,32.058746,1.97,0.4912,1.1231
118.7996,32.001772,1.98,0.2308,4.6867
118.7798598,32.0459567,1.33,0.2194,1.0984
118.8387254,31.78008233,8.79,0.8003,27.1634
118.6806,32.1078,5.01,2.7424,10.7521
118.793507,32.050297,1.06,2.647,0.4523
118.788836,31.994271,4.81,4.5391,5.5047
118.752517,32.012465,1.73,0.9528,4.8459
118.7073643,32.15892457,3.77,2.9484,12.3275
118.8536918,32.11927593,14.13,5.9345,6.1486
118.822261,32.020034,1.68,1.6259,3.4831
118.80452,32.039824,1.68,1.3787,1.1114
118.8285162,32.11071692,1.97,1.0709,5.6507
118.753071,32.22916645,4.27,1.2191,17.4897
118.843527,31.954845,10.25,0.9388,10.2628
118.825258,32.131109,4.8,0.7485,7.646
118.8944337,32.0441367,2,1.3073,3.4879
118.793465,32.019172,1.92,2.0016,2.9731
118.746179,32.093514,2.12,0.5936,4.7384
118.699526,32.150148,8.06,3.0949,12.0729
118.77697,32.098884,2.18,0.4992,4.3349
118.793076,31.989153,1.91,1.262,5.9627
118.8598997,31.76700033,8.54,1.7243,28.8387
118.7533521,32.05074716,1.65,1.9635,2.1795
118.7448,32.245519,2.89,0.9981,19.2243
118.810932,32.069171,2.01,1.4912,1.7146
118.779592,32.058174,1.71,0.5457,0.5617
118.9822792,32.06537938,8.59,6.3197,8.3532
118.764109,32.069604,1.55,0.5817,1.7498
118.855524,31.784948,8.79,1.1856,26.9918
118.812432,32.037522,1.43,1.1509,1.8432
118.8143667,32.05198954,1.05,0.379,0.657
118.7599165,32.09309324,2.38,1.6329,4.0266
118.744693,32.091784,2.12,0.3672,4.6944
118.7773459,32.07278192,1.13,1.0754,1.74
118.872057,31.996091,8.92,6.4433,7.8273
118.910133,31.894652,5.04,7.2548,18.3632
118.816433,32.048528,1.18,0.2078,0.7377
118.813269,32.123349,4.32,1.0551,6.8899
118.748642,32.077417,9.58,6.7776,3.3909
118.6019817,31.85245833,8.95,0.399,26.6578
118.728544,32.134022,4.87,2.8473,9.0946
118.6367781,31.8166555,8.49,4.5686,27.5843
118.839941,31.90323,4.42,3.2532,15.1383
118.54225,31.748631,8.49,12.0363,38.4989
118.8027083,32.04088167,1.43,1.384,0.9201
118.8262287,31.91185016,4.25,1.6443,13.9694
118.6934944,31.94058163,4.35,2.2174,14.0739
118.766865,31.89123,10.69,2.9595,16.0362
118.794367,32.026846,1.68,1.2941,2.2008
118.735537,32.07934,1.86,1.2629,4.5711
118.7813806,31.9843762,1.92,2.2679,6.6265
118.758057,32.090889,1.71,1.2283,3.8974
118.791449,31.988051,1.89,1.391,6.0871
118.857705,31.781405,8.78,1.1408,27.385
118.9800254,31.85577357,10.85,12.0082,23.6828
118.891793,31.917833,5.05,4.3012,15.4512
118.780155,32.053498,2.02,0.4605,0.5939
118.7478134,31.96436249,6.05,5.4185,9.5088
118.739113,31.944486,5.87,7.7331,11.6643
118.7937277,31.99659672,1.96,0.6321,5.2155
118.783425,32.018013,9.58,13.574,3.3754
118.950098,32.156605,15.08,6.5516,9.2815
118.734924,32.228679,4.27,1.4711,17.7568
118.805291,32.087703,1.94,0.8022,3.6155
118.913925,32.03607,9.5,8.9356,4.4814
118.932264,32.132564,0.37,0.3185,6.2976
119.012543,31.767228,11.16,11.1028,33.1155
118.905306,31.909201,4.94,5.7952,16.8606
118.852166,31.821076,8.23,4.3757,23.3952
118.86388,32.164344,4.8,5.5062,9.2964
118.805478,32.333406,2.39,2.6675,27.1703
118.816274,32.050858,1.18,0.3334,0.5642
118.67982,31.90419,4.35,4.0083,17.8629
118.808239,32.127382,4.37,1.0684,7.3567
118.7012054,31.8658195,8.98,9.8056,20.3478
118.777776,32.036605,1.33,0.8595,1.9259
118.8735917,32.17005167,4.66,6.7198,9.5133
118.5578229,31.84217145,8.49,4.9106,30.4211
118.699351,32.113301,5.26,0.0611,9.4825
118.8809567,32.12395714,7.56,2.914,4.9116
118.815278,32.085095,1.94,0.3247,3.0699
118.8156163,32.13577939,4.37,0.3027,8.1105
118.827502,31.935828,4.42,1.6367,11.6643
118.8277163,31.76366563,8.78,2.3641,28.6511
118.798613,32.08449,1.94,1.3704,3.5902
118.771054,32.054431,1.09,0.9469,0.3734
118.785219,31.971909,1.98,3.0849,7.77
118.592715,31.862126,8.49,1.774,26.5545
118.7508098,32.01229437,1.62,0.914,4.941
118.884252,31.959575,10.14,2.3675,11.4715
118.7460989,31.97460399,3.98,1.0456,8.5864
118.899516,32.151614,4.77,8.3721,7.3015
118.8179296,32.08533702,1.97,0.5643,3.0619
118.708361,32.104178,4.87,1.1968,8.2143
118.878224,32.147534,4.8,6.162,7.2232
118.935557,32.131906,0.37,0.04,6.4188
118.762587,32.239966,3.03,1.2807,18.4757
118.772627,32.114821,2.19,1.1253,5.9254
118.780564,32.011231,3.74,7.9101,4.1111
118.7321986,32.03877897,2.55,1.071,4.5616
118.81182,31.96398,3.76,1.8908,8.579
118.8060562,32.02250522,1.68,0.4089,2.74
118.71046,32.206989,4.6,9.0889,16.4416
118.72382,32.129903,4.6,2.2321,8.9997
118.767603,32.077285,3.03,3.5883,2.2786
118.854574,31.967695,10.26,3.3336,9.3615
118.760926,32.074465,1.06,1.4461,2.3299
118.875932,32.018977,9.01,15.4616,6.4223
118.583507,31.774193,8.17,8.2339,34.0156
118.820519,32.125298,4.32,0.844,7.0488
118.792667,32.096524,2.98,2.4936,4.4735
118.608435,32.052205,8.05,2.0087,16.62
118.704357,31.906902,8.49,11.3158,16.4454
118.809365,31.792815,8.78,4.0838,25.6051
118.822696,31.893451,3.76,3.886,15.715
118.935229,32.082379,8.93,5.0253,3.563
118.804471,32.083343,2.95,1.1433,3.263
118.99879,31.913758,10.25,15.7395,19.2281
118.92128,32.05825,8.92,1.5829,2.9589
118.868081,31.995722,6.56,6.615,7.599
118.7266687,32.05076077,6.02,9.0642,4.8175
118.469319,31.873105,0.38,0.2847,35.567
118.763172,32.072347,1.55,0.5452,2.0275
118.79904,32.022977,1.68,0.8811,2.5658
118.7640037,32.05693359,1.13,1.0015,1.068
118.7582489,32.05664851,2.93,1.9788,1.6385
118.818131,31.94291,3.76,0.7651,10.7647
118.6976765,32.1781054,2.78,2.96,14.4654
118.790165,32.053641,1.15,0.261,0.9066
118.844448,31.960996,10.25,0.4859,9.6872
118.757916,31.997755,3.83,1.2561,6.0203
118.820877,32.08191,2.95,0.7276,2.7106
118.826904,32.12476,4.66,1.2711,7.0261
118.7553517,32.24603606,2.89,1.0502,19.1406
118.786958,31.985303,9.58,16.7375,6.4202
118.803133,32.001247,1.89,0.487,4.7664
118.616224,32.081181,8.57,2.5857,16.0429
118.788277,32.045754,1.71,0.9804,0.9843
118.749317,32.03489,2.13,1.3423,3.2682
118.809501,32.124694,4.75,1.1959,7.0713
118.45535,31.869352,0.4,1.3671,36.9606
118.843748,31.940561,4.51,1.1342,11.663
118.746716,32.081409,1.98,1.8398,3.7995
118.648476,31.835686,8.95,4.5443,25.3514
118.700185,31.885858,8.95,10.0513,18.5337
118.7596343,31.97158614,4.88,1.3606,8.5336
118.740013,32.063206,1.32,0.792,3.5413
118.7910592,32.0172691,1.68,1.8495,3.2027
118.82341,32.02213,4.62,15.3549,3.2828
118.8207402,32.04829062,1.18,0.6343,0.6534
118.818992,32.044542,1.28,0.9513,1.0351
118.9060754,32.05931783,2,1.4166,2.0278
118.7575678,32.09664559,2.05,1.8357,4.4439
118.93927,32.067273,10.32,13.8036,4.1063
118.8271727,31.92171521,6.97,0.4904,13.0263
118.756276,32.060534,1.56,0.9542,1.8977
118.7136,32.0156,3.74,1.9488,7.2945
118.848004,32.005162,5.72,2.9714,5.6855
118.680535,32.107453,4.87,2.7336,10.741
118.8479262,31.95772149,8.92,18.0229,10.0942
118.7600476,32.11414394,1.86,2.9941,6.0325
118.798336,31.979042,4.32,15.5221,6.9561
118.6098758,31.877799,8.49,2.7446,24.2378
118.7650511,32.07070939,1.65,0.701,1.7874
118.795346,31.992045,1.85,0.9474,5.6604
118.716835,31.911712,8.55,12.7407,15.505
118.801016,31.984349,1.89,1.5967,6.4337
118.849246,32.11967,4.24,2.4393,6.5134
118.808678,32.124893,3.89,1.1122,7.104
118.693641,32.178055,5.01,6.3533,14.6798
118.7217486,31.99766994,3.49,0.0771,7.8417
118.697658,32.178368,3.69,1.3491,14.4886
118.8099438,32.11315783,4.37,2.1315,5.926
118.811973,32.019768,2.37,4.4472,3.2171
118.7289499,32.21474788,2.99,3.1358,16.5566
118.8505,31.94340885,10.32,1.9123,11.5422
118.902336,32.030554,10.25,8.6481,4.8113
118.899016,31.903748,5.44,5.4926,17.0341
118.802678,32.005134,6.01,2.6467,4.375
118.602093,32.055598,10.04,2.4922,17.2507
118.854507,32.153199,4.66,4.2153,8.7272
118.7585081,31.9827943,5.34,0.3663,7.4563
118.795933,31.879399,4.38,3.2165,16.921
118.806064,32.015237,1.96,1.6474,3.4395
118.780918,32.07046948,2.01,1.3788,1.6156
118.8111265,32.12430875,3.89,1.0049,7.0102
118.688676,32.10791,4.93,2.0419,10.0595
118.8145128,32.05299258,1.05,0.4794,0.6066
118.733454,32.12376,4.42,1.4125,7.9616
118.699815,32.17944,2.78,3.0467,14.4669
118.805264,32.116879,4.66,2.0339,6.3864
118.892123,31.889048,4.49,4.8094,18.0653
118.852274,31.773626,8.78,0.6288,28.0337
118.7220496,32.16581534,8.34,2.4214,12.2102
118.8085533,32.117625,4.32,1.7776,6.3904
118.7557449,31.99437844,4.39,1.508,6.4059
118.74734,32.103755,2.38,2.516,5.5335
118.671164,32.170594,4.87,6.5032,15.4669
118.654745,31.80298,8.98,7.0622,27.9611
118.800628,32.088552,2.95,1.4888,3.9058
118.888559,32.093245,5.67,3.7439,1.8462
118.807418,32.05085,1.05,0.7468,0.9975
118.6654074,32.18831959,5.98,8.0369,17.1865
118.5266482,31.94703941,10.9,15.2224,27.0676
118.7434459,32.01856606,1.62,0.3425,4.8395
118.849942,31.797063,8.78,2.0065,25.6905
118.862984,31.776375,8.65,1.7734,27.9944
118.857559,31.763259,8.92,1.8154,29.1552
118.686815,32.10853263,9.58,5.3442,10.2509
118.6486354,31.84825243,8.17,4.2945,24.2611
118.850828,32.149135,4.37,3.7212,8.5869
118.810121,32.1223,4.77,1.3497,6.8253
118.8774369,31.69644696,8.26,8.9115,36.1068
118.805574,32.014326,5.78,2.9462,3.5167
118.760978,32.005291,4.36,1.9835,5.2121
118.804298,32.057764,1.29,0.9913,1.1292
118.76311,32.08375,1.93,0.3778,3.0405
118.7911266,31.98086858,1.93,2.0654,6.805
118.772965,31.986164,8.06,16.1549,6.7157
118.951547,32.148793,4.46,3.1944,8.7206
118.765198,32.069454,1.11,0.7677,1.6743
118.841738,31.780067,8.26,0.1826,27.212
118.66734,32.196761,4.91,8.8899,17.7288
118.7020857,32.15759719,9.58,3.0539,12.5147
118.796015,32.049503,1.18,1.8438,0.1912
118.843877,31.933113,4.23,0.8999,12.396
118.8362,31.901,11.02,4.4488,15.2539
118.870175,31.782493,8.36,2.8669,27.58
118.820788,32.131931,4.8,0.3079,7.7123
118.668561,31.755194,9.04,11.4337,31.8572
118.8156667,32.08564769,9,0.8377,3.1184
118.8383269,31.96039331,10.25,1.0958,9.6122
118.804802,32.024762,1.68,0.2849,2.4873
118.7501313,32.0966152,2.12,1.0946,4.7759
118.728907,32.023615,1.73,1.92,5.5775
118.805535,32.043281,1.84,1.0142,0.947
118.7934728,32.01805817,1.43,1.6229,3.0833
118.7972,31.905,10.69,3.2876,14.3601
118.80826,32.034846,1.44,0.7453,1.734
118.809693,32.043456,1.05,0.6683,1.305
118.820345,32.131764,4.8,0.2823,7.6954
118.73733,32.083174,1.86,0.8504,4.6361
118.80843,31.794679,8.26,3.7532,25.4148
118.814391,32.049922,1.05,0.1722,0.7669
118.739085,32.13319,3.41,1.0808,8.5332
118.832481,32.017774,1.68,2.6617,3.8988
118.775099,32.078775,1.98,1.0183,2.318
118.763429,32.053068,1.56,1.7655,1.1454
118.817254,32.139795,4.66,0.6597,8.504
118.723105,32.132576,4.62,1.0665,9.2612
118.698318,32.113197,4.05,3.9364,9.5584
118.757969,32.094494,2.38,1.7148,4.2301
118.9219315,32.04488574,8.93,1.113,4.0329
118.73884,32.09722,2,0.6378,5.4873
118.82078,32.073066,1.99,1.3916,1.8262
118.848113,32.020606,3.32,0.7802,4.4085
118.732116,32.131656,6.02,1.0825,8.7117
118.725967,32.215424,3.06,1.6348,16.706
118.718081,32.035958,4.13,3.6054,5.9835
118.816233,32.053903,1.05,0.599,0.4167
118.747492,32.044442,7.04,1.8149,2.9315
118.721365,32.129075,9.58,1.4803,9.0733
118.7576074,32.09606087,2.18,2.0047,4.3884
118.857073,32.10988576,2.18,8.1201,5.2957
118.8413191,31.93691493,3.16,1.195,11.9754
118.757571,32.242376,3.03,0.8952,18.7551
118.801686,32.103703,2.95,2.1844,5.2316
118.8101617,32.11193333,3.89,2.1808,5.8016
118.73814,32.133491,3.77,1.2913,8.6002
118.854912,31.766995,8.57,1.7912,28.7358
118.704646,32.186036,4.05,4.6923,14.8011
118.9036304,32.09213501,7.61,3.8476,1.4067
118.8413769,32.04735786,1.84,4.5586,2.2356
118.7841154,32.02508502,6.01,1.4535,2.7157
118.873521,32.14011642,4.33,5.7352,6.6894
118.762828,32.111453,9.58,4.6093,5.708
118.774558,32.082171,1.93,0.8935,2.6571
118.8187212,32.05081522,1.28,0.7565,0.4295
118.739523,31.991175,1.43,0.1646,7.3355
118.86275,31.791254,8.26,2.4292,26.544
118.811997,32.127384,4.33,0.7339,7.3047
118.859803,32.097294,6.7,3.8971,4.415
118.726769,31.960293,8.34,18.1908,10.6636
118.805629,31.985808,1.92,1.5801,6.3291
118.914543,31.902819,3.75,6.5048,17.6398
118.723592,31.990836,4.57,2.6608,8.2439
118.721616,32.001863,2.4,0.3115,7.5465
118.83043,32.14657,4.37,1.8809,9.2317
118.773847,31.98193915,1.92,3.0061,7.08
118.85241,31.764571,8.92,1.43,28.925
118.817098,31.955882,3.82,1.717,9.4725
118.729388,32.075178,1.86,1.9763,4.9269
118.738909,32.07992,2.12,0.9941,4.3189
118.756505,32.085797,8.34,6.347,3.5204
118.869831,31.977737,10.32,2.5487,9.1616
118.819485,32.053163,1.29,0.9875,0.1838
118.891677,32.155919,4.32,7.7799,7.7745
118.8073111,32.03019977,1.43,0.2695,2.0759
118.735575,32.22922,3.06,3.2742,17.7952
118.800251,32.02596,1.79,1.3165,2.2783
118.731054,32.081595,2.12,1.3362,5.0715
118.8036769,31.96279542,5.87,5.5883,8.6012
118.800957,31.998898,1.93,0.2869,4.9809
118.73602,32.084439,1.86,0.8601,4.8167
118.878206,31.705584,8.23,8.1099,35.2337
118.856413,31.775025,8.87,0.9855,27.9804
118.814381,32.139251,4.75,0.6727,8.4648
118.8051,32.00962,1.93,1.156,3.9676
118.8135989,32.01579856,1.43,1.3721,3.6451
118.793915,32.039466,9.58,12.1762,0.9887
118.6383428,32.03923176,10.9,1.9285,13.7237
118.7785778,31.91739217,3.8,0.8275,13.2594
118.9211418,32.0951907,7.61,5.1768,2.7032
118.8186297,32.08178672,2.95,0.588,2.7028
118.7794218,32.0372433,1.75,0.6365,1.8979
118.950034,32.131705,3.67,5.193,7.31
118.8089675,32.04488117,1.29,0.5071,1.1865
118.7594581,32.07440699,1.65,0.4803,2.4145
118.7821521,32.01817688,8.34,13.5571,3.4166
118.871402,31.994732,6.61,3.0905,7.8872
118.829039,31.910864,5.05,4.623,14.1256
118.7655015,32.0770185,1.99,0.9977,2.3271
118.829184,31.905793,4.71,2.7595,14.6236
119.011336,32.161941,7.28,12.8607,13.9234
118.8735011,32.09617771,1.97,6.2244,3.1632
118.796227,32.105823,2.19,2.1423,5.4682
118.727838,32.079099,2,1.6732,5.2334
118.738266,32.06194,1.55,2.1557,3.6883
118.710277,31.912146,9.04,12.1293,15.7215
118.8756767,31.73876333,8.57,5.2599,31.9498
118.570975,31.834072,8.49,3.891,30.0895
118.764299,32.091449,1.93,1.0543,3.73
118.682643,31.942346,7.34,11.2073,14.5885
118.616781,32.056053,2.38,16.2816,15.782
118.7792935,32.08539293,1.99,0.6544,3.016
118.797163,32.057861,1.29,1.5328,0.9277
118.864171,32.011297,2.36,2.1158,6.179
118.765108,32.071975,1.06,0.9879,1.8927
118.7850909,31.96963497,1.85,3.4119,7.9965
118.797781,32.03032,1.44,0.9641,1.828
118.7901932,32.05410898,1.93,3.6374,0.9311
118.5858442,31.85590407,8.52,2.0811,27.4786
118.805073,31.878413,4,2.8487,17.0347
118.8549157,31.79974888,8.4,2.5652,25.5344
118.800334,32.007372,1.92,0.7991,4.1312
118.7461068,32.02467948,1.72,0.5587,4.2047
118.766327,32.071766,1.54,0.8192,1.816
118.922958,32.149517,2.8,6.1618,7.4602
118.751148,32.064744,1.55,0.8817,2.5172
118.809441,31.792806,8.54,3.9872,25.6063
118.811905,32.129942,3.89,0.5411,7.56
118.730148,32.21686,2.89,2.8279,16.7275
118.903791,32.154585,4.75,8.8659,7.609
118.847712,32.027033,2.48,0.399,3.9025
118.730738,32.016994,1.73,1.7579,5.8432
118.814689,32.071291,4.77,6.2187,1.741
118.73513,31.99984,9.58,14.2419,6.8316
118.915731,32.098329,5.67,1.691,2.5358
118.666514,31.738864,8.85,12.8122,33.467
118.799742,32.08313,3.14,2.5452,3.459
118.770988,32.04791636,1.54,0.8372,0.849
118.834368,32.01875,5.66,2.4219,3.8707
118.720565,32.22314,3.78,1.8646,17.6038
118.7535918,32.07970262,6.02,6.7027,3.1973
118.953591,31.753489,12.65,12.0698,32.9486
119.052787,31.731309,10.85,7.6975,37.9494
118.925593,32.124975,6.58,1.0473,5.3065
118.7213275,32.1150065,5.01,1.4555,7.9794
118.7931967,32.10489597,2.19,1.8329,5.2687
118.805057,31.980099,1.89,2.108,6.8895
118.885878,32.123927,9.58,15.8523,4.7417
118.6439703,32.06671982,9.54,1.4277,13.1102
118.680734,31.98113122,3.74,4.2742,11.9818
119.000253,32.149465,4.1,3.9823,12.2934
118.91011,32.093907,8.78,4.8448,1.8455
118.731825,32.083514,2.05,1.1035,5.1077
118.777647,32.096564,3.01,1.8587,4.1077
118.752987,32.242657,2.99,0.5565,18.8301
118.644737,31.923578,4.71,1.462,18.5187
118.779528,32.028534,1.49,0.4062,2.7071
118.7497,32.086147,9.58,5.987,3.941
118.7223079,32.14230066,4.87,3.0686,10.125
118.7970385,32.04123347,1.7,1.7379,0.7396
118.702276,31.86442,9.04,9.7546,20.4403
118.848274,32.119063,8.98,5.0874,6.5515
118.801452,32.050232,1.18,1.3122,0.4092
118.876733,31.935181,3.16,2.4614,13.2272
118.808206,32.072737,1.97,1.1867,2.1625
118.688213,31.910289,8.98,10.2222,16.905
118.746584,32.036824,3.43,0.6638,3.3726
118.692099,32.105905,1.52,7.5335,9.6628
118.723714,32.144868,8.34,0.455,10.2753
118.812542,31.96264423,5.05,4.9572,8.7228
118.8081365,31.976456,1.92,2.5318,7.2895
118.855478,31.922106,3.73,1.0908,13.7287
118.894454,31.908681,6.07,4.8206,16.3867
118.7693924,31.80560572,8.78,8.2737,24.4638
118.741059,32.247918,3.96,1.0097,19.5221
118.723735,32.130598,4.6,2.2689,9.062
118.7665915,32.07520482,1.93,0.5863,2.1177
118.8320912,32.14363779,4.75,1.7661,8.9607
118.74737,32.071421,1.54,1.1163,3.1492
118.8062983,32.08681886,2.95,0.9103,3.4937
118.8354071,32.04036141,2.48,2.0763,2.0904
118.795527,32.105479,2.18,1.9499,5.4091
118.913385,32.09837418,3.61,6.693,2.3991
118.77927,32.085371,1.99,0.6515,3.0135
118.933343,32.132336,0.37,0.2091,6.3346
118.820518,32.129039,4.33,0.5643,7.4229
118.855635,31.964,8.92,9.962,9.7442
118.7522198,32.15186774,4.62,2.6357,9.8835
118.855939,32.00571834,2.19,2.6076,6.0664
118.773806,31.982401,1.92,2.9824,7.0379
118.719613,32.131151,5.01,1.9919,9.3443
118.7651771,32.05265094,1.65,1.8552,0.9874
118.744381,32.093625,1.45,1.2901,4.857
118.744599,32.206173,4.27,3.2642,15.3533
118.846585,32.344132,10.74,3.6602,27.0812
118.7846301,32.09722081,2.38,1.3705,4.2812
118.867673,31.778143,8.26,2.5473,27.9362
118.8729585,31.68812132,8.78,9.2756,36.8251
118.838968,31.959262,10.24,1.0607,9.7355
118.7812685,32.05228938,1.88,3.2213,0.7445
118.777036,32.088272,1.93,1.3468,3.2763
118.894396,31.925523,8.63,1.4647,14.9015
118.7054,32.1405,8.34,2.2066,10.9529
118.7731518,32.11108552,2.38,0.7613,5.5504
118.699364,32.177797,4.93,6.1796,14.3501
118.8371439,32.0352456,5.88,2.1873,2.5816
118.747178,32.206677,2.89,3.0454,15.3546
118.7273676,32.04805137,6.34,0.4781,4.7832
118.770402,32.043984,1.88,0.6232,1.2351
118.920899,32.052683,9.71,4.1426,3.3419
118.757245,32.073297,1.41,0.5662,2.4787
118.844598,31.944685,9.83,1.8181,11.2774
118.7985483,32.05977927,1.29,1.5341,1.1211
118.70154,32.154789,2.38,3.9723,12.3192
118.8530871,31.7783887,8.4,1.2089,27.5829
118.7963168,32.04942593,1.71,1.5169,0.1611
118.915066,31.901103,5.87,6.8271,17.8152
118.862003,32.165533,4.32,5.5229,9.4794
118.8797931,32.16984666,4.37,7.2532,9.3414
118.8290179,31.77147463,8.54,1.8336,27.8889
118.866742,32.14827,3.89,5.257,7.7115
118.822383,32.141248,4.33,0.9992,8.6463
118.7670025,32.10544534,3.07,2.4775,5.0421
118.803947,31.983062,1.96,1.821,6.5835
118.7944901,31.99917197,1.85,0.4952,4.9532
118.808197,32.035102,1.43,0.767,1.7099
118.8152085,32.05115204,1.28,0.4171,0.6269
118.7646815,32.07390732,1.41,0.8619,2.0821
118.7443193,32.0405483,2.69,0.3522,3.3815
118.715775,32.11383,4.6,0.9864,8.2771
118.6975186,32.17937037,3.46,2.3142,14.581
118.935487,32.127778,0.37,0.3827,6.0762
118.7341475,32.04197684,3.43,1.7791,4.2685
118.813377,32.01577,1.68,1.2208,3.6381
118.833964,32.125065,7.61,4.0978,7.1571
118.678117,32.10594449,4.87,3.0112,10.8828
118.592733,31.862384,8.85,1.6231,26.5345
118.733177,32.140401,4.6,3.6242,9.4377
118.829258,31.949196,10.25,2.3834,10.4293
118.72567,32.06389368,7.04,2.1224,4.9628
118.77145,31.776211,8.4,6.9578,27.3651
118.703433,31.992848,3.78,2.0577,9.4882
118.781155,31.944145,6.07,7.906,10.5757
118.730707,32.0686,1.86,2.4283,4.5778
118.7678115,31.99713093,4.36,1.7408,5.8862
118.857854,32.008137,1.68,5.3812,5.9906
118.837073,32.019299,1.44,3.1171,3.9273
118.924723,32.106287,2.43,2.5536,3.7252
118.713159,31.998645,3.78,0.9944,8.3779
118.8124999,32.10211323,2.2,2.3684,4.7942
118.728425,31.67847,8.51,18.0936,37.6557
118.917842,32.034148,8.48,8.746,4.7974
118.7917288,32.01147525,1.89,1.3187,3.7602
118.6955417,32.11492947,4.93,1.1764,9.8844
118.799012,32.057989,1.28,1.4573,0.948
118.7470718,32.2465984,4.27,0.7936,19.2972
118.825637,31.769864,11.83,12.1432,28.0133
118.703748,32.109039,5.01,0.7509,8.8745
118.781582,32.053052,1.97,0.6341,0.7432
118.895369,31.906788,6.07,5.0193,16.5969
118.879193,32.085421,8.49,16.0988,2.1707
118.8042045,32.055961,1.28,0.9191,0.9823
118.833304,31.837964,8.79,6.1845,21.3624
118.808193,32.059488,4.28,4.0631,1.2979
118.75704,32.0634025,1.54,0.6443,1.9215
118.805684,31.877871,4.73,5.0767,17.0916
118.8385506,32.02538473,8.49,16.0267,3.4626
118.8637283,31.95487667,3.44,2.5975,10.8962
118.6644757,32.09601419,5.98,3.8565,11.7306
118.80852,32.116335,4.32,1.8925,6.2643
118.848636,31.961677,5.04,1.9077,9.7348
118.812122,32.132346,4.77,0.5775,7.7966
118.6881983,32.17933167,5.98,6.5188,15.0913
118.7394503,32.21863879,5.66,1.6029,16.6785
118.7455962,32.08752662,1.93,2.1137,4.3134
118.824875,31.967917,9.83,2.4868,8.5137
118.801694,32.001181,1.93,0.3437,4.7587
118.721933,32.138236,2.38,1.3539,9.7992
118.729138,31.981486,4.34,4.822,8.6946
118.7522307,32.0665229,1.55,0.6946,2.4894
118.787775,31.920285,9.78,2.7241,12.8698
118.976891,31.735008,11.48,9.019,35.2134
118.828109,31.949577,10.32,2.4906,10.3587
118.853512,32.023401,2.48,0.394,4.5712
118.760056,32.079151,1.93,0.5939,2.768
118.759943,32.238567,2.99,0.9866,18.3553
118.80459,31.877948,4.38,3.2258,17.0791
118.692211,32.1789,5.01,6.4667,14.8293
118.7980085,32.08307796,2.95,1.7765,3.4479
118.7357284,32.09723351,2,0.7476,5.6959
118.747288,32.024024,1.84,0.3429,4.1749
118.782457,31.875167,11.02,2.0769,17.4102
118.8165898,32.12621522,4.33,0.6885,7.1502
118.751347,32.09665,2,1.2989,4.7178
118.7665711,32.08038335,1.88,0.0705,2.6051
118.84285,32.133434,2.11,2.8572,7.9057
118.819765,32.117827,4.37,1.5586,6.3019
118.846708,31.936037,3.66,2.9994,12.1673
118.810496,32.137958,4.8,0.8851,8.3724
118.757352,32.095727,2.18,2.0412,4.3677
118.695466,32.138342,2.78,1.4535,11.4492
118.7676607,32.05480183,1.11,0.9782,0.6985
118.933572,31.706311,8.23,11.615,36.6445
118.76035,32.050622,4.13,1.0168,1.5094
118.846878,32.344278,10.74,3.6925,27.0898
118.76067,32.050552,4.29,1.1332,1.4816
118.9007767,32.247055,9.55,11.2469,16.8458
118.7616711,31.9772591,2.4,4.4653,7.9401
118.765525,32.024611,2.01,3.5285,3.229
118.763166,32.038592,2.65,2.362,2.0494
118.8462296,32.3452512,2.39,1.6107,27.1979
118.89448,31.909497,6.39,4.8886,16.3152
118.857116,32.150515,4.8,4.2433,8.3628
118.7149161,31.99241177,3.78,1.0444,8.6919
118.806842,31.973219,1.85,2.8524,7.5933
118.747622,32.042866,7.34,1.8271,2.9832
118.829601,32.016486,1.68,2.4456,3.9437
118.72048,32.125365,8.49,1.8244,8.8296
118.70281,32.110452,4.87,0.6663,9.0347
118.77402,31.77675038,8.78,7.3081,27.2879
118.761653,32.088694,2.27,1.7243,3.5536
118.672833,31.880924,8.85,7.5176,20.2159
118.7361134,32.12586361,3.77,1.4477,8.0114
118.709069,32.148573,4.6,3.25,11.3747
118.7717942,31.98108682,1.91,3.3201,7.2313
118.828733,31.771429,8.54,1.8619,27.8903
118.707894,32.003907,3.34,1.4588,8.4391
118.7366744,32.0919638,2,0.3207,5.2542
119.0539148,31.99061071,9.01,6.3052,17.7464
118.8129274,32.12478393,4.37,0.9438,7.0361
118.7437106,32.07876933,1.84,1.9952,3.8613
118.733583,32.061913,1.51,0.2708,4.15
118.727236,32.130104,3.41,0.3942,8.8285
118.848549,32.037186,6.14,0.6405,3.3296
118.595948,32.054413,8.49,3.2577,17.8656
118.8305473,31.96018847,10.25,1.8684,9.4316
118.792885,32.027706,6.01,2.1986,2.1442
118.818535,32.047089,1.18,0.4257,0.792
118.790126,31.960257,3.46,2.7528,8.8667
118.6902328,31.87414404,8.52,8.7817,20.011
118.799206,32.015128,1.91,1.4734,3.3506
118.7301942,32.14906108,9.58,0.7189,10.3474
118.789752,32.045529,1.88,4.2413,0.8521
118.571834,31.848052,8.95,3.4121,29.0156
118.601845,32.028238,8.57,3.4366,17.4908
118.7552617,32.24839786,2.99,1.1698,19.3765
118.8034069,32.04282934,1.28,1.059,0.8116
118.760945,32.06018806,1.55,1.0066,1.4405
118.598887,31.868387,9.04,1.8954,25.6756
118.7271051,32.00905511,2.4,0.717,6.65
118.836265,31.944224,4.28,1.9434,11.1273
118.7651,32.050411,1.54,2.0419,1.0825
118.7544517,32.01596321,1.67,0.9108,4.4464
118.7726,32.113096,2.38,0.9497,5.7531
118.724461,31.995608,3.86,3.0733,7.8185
118.9189949,32.10233508,6.14,1.5057,3.0525
118.8181198,32.03461068,3.04,3.8032,2.0317
118.909174,32.042531,2,2.2047,3.7267
118.814488,32.049821,1.29,0.4288,0.766
118.910779,32.110067,9.77,1.7425,3.3327
118.753734,32.112519,2.05,2.5676,6.0623
118.755096,32.243834,2.89,0.8525,18.9242
118.818611,31.890476,16.63,14.6039,15.9501
118.694063,32.105035,1.52,7.6488,9.4499
118.7599541,32.11713507,2.38,1.8529,6.3254
118.848334,32.028048,2.55,0.3573,3.8757
118.794544,32.106212,2.19,1.9792,5.44
118.8040037,32.10320141,4.37,3.2773,5.1062
118.7839572,32.02530763,6.01,1.4658,2.7044
118.8315902,31.91851058,5.05,3.8891,13.4431
118.60809,32.053377,8.01,1.5392,16.6525
118.752263,32.096714,3.03,5.4755,4.679
118.757753,32.21714827,2.51,1.9467,16.2424
118.929133,32.06177282,8.93,2.9117,3.3817
